GC_Run_ID,Individual,Run_Replicate,Ethylene_Retention_Time,Ethylene_Area,Ethylene_Height,Injection_Volume,Notes,Date_ARA,Date_Run,
Run651,18,1,2.983,1.4447,0.081,5,ran once,7/21/2024,7/25/2024,
Run32,34,1,0,0,0,4,Control w/ nodules,6/20/2024,7/6/2024,
Run33,34,2,0,0,0,4,Control w/ nodules,6/20/2024,7/6/2024,"means made ZERO because low, SHOULD BE ZERO??"
Run34,34,3,0,0,0,4,Control w/ nodules,6/20/2024,7/6/2024,means need to check
Run564,41,1,0,0,0,5,no peak in retention window,6/12/2024,7/18/2024,means made NA because my notes
Run01,46,1,0,0,0,3,,6/20/2024,7/3/2024,
Run02,46,2,0,0,0,3,,6/20/2024,7/3/2024,
Run03,46,3,0,0,0,3,,6/20/2024,7/3/2024,
Run649,81,1,2.955,0.2292,0.039,5,"ran once; another peak @ 2.841 - A=1.5440, H=0.121",7/21/2024,7/24/2024,
Run659,83,1,2.836,0.1312,0.033,5,ran once,7/21/2024,7/25/2024,
Run350,87,1,2.936,0.1397,0.045,5,,6/23/2024,7/13/2024,
Run351,87,2,3.08,0.1637,0.04,5,,6/23/2024,7/13/2024,
Run652,94,1,2.866,0.1187,0.024,5,ran once,7/21/2024,7/25/2024,
Run342,107,1,3.085,0.1751,0.055,5,,6/23/2024,7/13/2024,
Run343,107,2,3.148,0.8378,0.05,5,,6/23/2024,7/13/2024,
Run344,107,3,3.125,0.3453,0.034,5,,6/23/2024,7/13/2024,
Run657,109,1,2.885,0.2062,0.054,5,ran once,7/21/2024,7/25/2024,
Run669,110,1,2.881,0.9608,0.055,5,ran once,7/21/2024,7/25/2024,
Run653,112,1,2.928,0.175,0.041,5,ran once,7/21/2024,7/25/2024,
Run663,124,1,2.91,1.8062,0.149,5,ran once,7/21/2024,7/25/2024,
Run580,125,1,,,,5,ran once,6/12/2024,7/19/2024,
Run784,125,2,,,,5,,6/12/2024,9/3/2024,
Run785,125,3,,,,5,,6/12/2024,9/3/2024,
Run567,137,1,NA,NA,NA,5,,6/12/2024,7/18/2024,
Run589,161,1,3.021,1.341,0.093,5,ran once,6/13/2024,7/19/2024,
Run774,161,2,2.948,0.1282,0.049,5,,6/13/2024,9/3/2024,
Run775,161,3,2.756,0.1072,0.049,5,,6/13/2024,9/3/2024,
Run357,166,1,3.045,0.7786,0.06,5,,6/23/2024,7/13/2024,
Run358,166,2,3.158,0.2432,0.051,5,,6/23/2024,7/13/2024,
Run359,166,3,2.911,0.3184,0.059,5,,6/23/2024,7/13/2024,
Run723,169,1,2.906,2.4388,0.154,5,ran once,7/23/2024,7/26/2024,
Run825,169,2,3.075,1.2828,0.098,5,,7/23/2024,9/4/2024,
Run711,204,1,,,,5,ran once,7/23/2024,7/26/2024,
Run820,204,2,,,,5,,7/23/2024,9/4/2024,
Run821,204,3,,,,5,,7/23/2024,9/4/2024,
Run405,218,1,0,0,0,5,,6/23/2024,7/14/2024,
Run406,218,2,0,0,0,5,,6/23/2024,7/14/2024,
Run693,231,1,0,0,0,5,ran once,7/23/2024,7/26/2024,
Run386,240,1,3.403,0.154,0.049,5,Retention time late - probably should be NA,6/23/2024,7/14/2024,
Run387,240,2,3.03,0.101,0.041,5,basically should be NA,6/23/2024,7/14/2024,
Run694,242,1,2.973,1.4009,0.071,5,ran once; ARA 4 min too long,7/23/2024,7/26/2024,
Run606,247,1,,,,5,ran once; control w/ nodule,6/13/2024,7/24/2024,
Run808,247,2,,,,5,,6/13/2024,9/4/2024,
Run809,247,3,,,,5,,6/13/2024,9/4/2024,
Run616,248,1,2.908,0.1336,0.04,5,ran once; control w/ nodule. ,6/13/2024,7/24/2024,
Run773,248,2,2.813,0.121,0.055,5,,6/13/2024,9/3/2024,
Run709,256,1,2.991,54.4703,1.934,5,ran once,7/23/2024,7/26/2024,
Run810,258,1,3.171,0.336,0.037,5,should be the second run but I can't find a record of the first run??!!,Not sure??,9/4/2024,
Run811,258,2,2.983,0.2262,0.037,5,,Not sure??,9/4/2024,
Run368,261,1,,,,5,,6/23/2024,7/13/2024,
Run369,261,2,,,,5,,6/23/2024,7/13/2024,
Run599,269,1,2.8,0.1018,0.049,5,ran once; control w/ nodule,6/13/2024,7/24/2024,
Run772,269,2,3.018,0.1026,0.042,5,,6/13/2024,9/3/2024,
Run710,291,1,2.92,0.1094,0.038,5,ran once,7/23/2024,7/26/2024,
Run618,296,1,,,,5,ran once; control w/ nodule. ,6/17/2024,7/24/2024,
Run804,296,2,,,,5,,6/17/2024,9/4/2024,
Run805,296,3,,,,5,,6/17/2024,9/4/2024,
Run326,297,1,3.07,0.193,0.043,5,,6/23/2024,7/12/2024,
Run327,297,2,3.053,0.1396,0.044,5,,6/23/2024,7/12/2024,
Run615,298,1,2.963,0.1196,0.054,5,ran once; control w/ nodule. Another peak @ 2.793 - A=0.7641 and H=0.083,6/13/2024,7/24/2024,
Run407,299,1,,,,5,,6/23/2024,7/14/2024,
Run408,299,2,,,,5,,6/23/2024,7/14/2024,
Run402,300,1,3.033,1.9286,0.147,5,,6/23/2024,7/14/2024,
Run403,300,2,,,,5,why so much bigger,6/23/2024,7/14/2024,
Run404,300,3,3.015,0.1446,0.044,5,,6/23/2024,7/14/2024,
Run643,301,1,2.801,8.3731,0.412,5,ran once,7/19/2024,7/24/2024,
Run645,303,1,2.803,6.8841,0.318,5,ran once,7/19/2024,7/24/2024,
Run841,303,2,,,,5,manual integration,7/19/2024,9/17/2024,
Run842,303,3,,,,5,this run looks bad. Maybe just use first run??,7/19/2024,9/17/2024,
Run439,305,1,2.998,0.2291,0.04,5,,6/7/2024,7/16/2024,
Run441,305,2,2.971,0.2604,0.058,5,,6/7/2024,7/16/2024,
Run435,307,1,,,,5,,6/7/2024,7/16/2024,
Run436,307,2,,,,5,why so different??,6/7/2024,7/16/2024,
Run437,307,3,,,,5,"why so different?? Another peak @2.825 (A=8.0320, H=2.369)",6/7/2024,7/16/2024,
Run438,307,4,,,,5,why so different??,6/7/2024,7/16/2024,
Run452,308,1,,,,5,,6/7/2024,7/16/2024,
Run453,308,2,,,,5,a fluke?,6/7/2024,7/16/2024,
Run454,308,3,,,,5,,6/7/2024,7/16/2024,
Run455,308,4,,,,5,,6/7/2024,7/16/2024,
Run646,313,1,2.795,1.0538,0.098,5,ran once,7/19/2024,7/24/2024,
Run633,315,1,2.828,1.704,0.122,5,ran once,7/19/2024,7/24/2024,
Run833,315,2,2.818,1.3593,0.121,5,,7/19/2024,9/16/2024,
Run445,317,1,3.033,7.3538,0.399,5,,6/7/2024,7/16/2024,
Run446,317,2,3.075,2.187,0.111,5,,6/7/2024,7/16/2024,
Run447,317,3,3.056,1.0658,0.078,5,,6/7/2024,7/16/2024,
Run429,319,1,,,,5,,6/7/2024,7/15/2024,
Run430,319,2,,,,5,,6/7/2024,7/15/2024,
Run431,319,3,,,,5,,6/7/2024,7/15/2024,
Run26,322,1,2.806,32.4821,1.429,4,,6/20/2024,7/6/2024,
Run27,322,2,2.781,23.0526,1.071,4,,6/20/2024,7/6/2024,
Run28,322,3,2.813,20.4389,0.956,4,,6/20/2024,7/6/2024,
Run621,325,1,2.815,26.311,1.174,5,ran once,7/19/2024,7/24/2024,
Run634,328,1,2.831,47.0706,2.074,5,ran once; ARA 14 min too long,7/19/2024,7/24/2024,
Run848,328,2,,,,5,manual integration; ARA 14 min too long,7/19/2024,9/17/2024,
Run448,329,1,3.053,20.9926,0.858,5,,6/7/2024,7/16/2024,
Run449,329,2,3.018,20.2694,0.865,5,,6/7/2024,7/16/2024,
Run484,331,1,3.085,11.5319,0.527,5,,6/8/2024,7/17/2024,
Run485,331,2,3.141,7.4366,0.562,5,,6/8/2024,7/17/2024,
Run486,331,3,3.125,10.2442,0.472,5,,6/8/2024,7/17/2024,
Run464,332,1,2.978,51.9545,1.88,5,,6/8/2024,7/16/2024,
Run465,332,2,3.018,52.0352,1.892,5,,6/8/2024,7/16/2024,
Run77,333,1,,,,4,Wonder if initial injection of sample is picking up left over standard and so is bigger. Then next run looks bad?,6/20/2024,7/8/2024,
Run78,333,2,,,,4,Peak is broad now. Same issue as yesterday. Looks terrible.,6/20/2024,7/8/2024,
Run79,333,3,,,,2,Peak broad again even w/ less sample injection volume.,6/20/2024,7/8/2024,
Run82,333,4,,,,4,Wonder if initial injection of sample is picking up left over standard and so is bigger. Then next run looks bad?,6/20/2024,7/8/2024,
Run83,333,5,,,,4,,6/20/2024,7/8/2024,
Run17,336,1,2.818,51.3618,2.271,4,,6/20/2024,7/6/2024,
Run18,336,2,2.721,45.693,2.041,4,sample pushed before run started (~5 secs late),6/20/2024,7/6/2024,
Run19,336,3,2.79,45.6722,2.029,4,,6/20/2024,7/6/2024,
Run626,337,1,2.8,1.7519,0.135,5,ran once; ARA 6 min too long,7/19/2024,7/24/2024,
Run631,339,1,0,0,0,5,ran once; ARA 3 min too long,7/19/2024,7/24/2024,
Run457,342,1,,,,5,,6/8/2024,7/16/2024,
Run481,342,1,,,,5,,6/8/2024,7/17/2024,
Run458,342,2,,,,5,,6/8/2024,7/16/2024,
Run482,342,2,,,,5,why so different?,6/8/2024,7/17/2024,
Run483,342,3,,,,5,,6/8/2024,7/17/2024,
Run89,345,1,0,0,0,4,Sample seemed to have a vacuum,6/20/2024,7/8/2024,
Run90,345,2,0,0,0,4,Sample seemed to have a vacuum. ONLY RUN TWICE.,6/20/2024,7/8/2024,
Run66,346,1,2.956,2.24,0.199,4,,,,
Run67,346,2,0,0,0,4,looked terrible,,,
Run68,346,3,0,0,0,4,looked terrible,,,
Run69,346,4,0,0,0,4,looked terrible,,,
Run14,348,1,2.828,47.549,2.02,4,,6/20/2024,7/6/2024,
Run15,348,2,2.835,37.3481,1.624,4,,6/20/2024,7/6/2024,
Run16,348,3,2.828,30.6926,1.321,4,,6/20/2024,7/6/2024,
Run622,349,1,,,,5,ran twice,7/20/2024,7/24/2024,
Run623,349,2,,,,5,ran twice,7/20/2024,7/24/2024,
Run627,350,1,2.821,200.841,8.397,5,ran once,7/20/2024,7/24/2024,
Run466,355,1,2.956,0.7469,0.077,5,another peak @ 3.025 (A=0.3404 and H=0.033),6/8/2024,7/16/2024,
Run467,355,2,2.946,0.4984,0.069,5,,6/8/2024,7/16/2024,
Run468,355,3,2.93,0.257,0.034,5,,6/8/2024,7/16/2024,
Run20,357,1,2.713,1.2964,0.156,4,,6/20/2024,7/6/2024,
Run21,357,2,2.766,1.8467,0.098,4,,6/20/2024,7/6/2024,
Run22,357,3,2.773,1.6852,0.12,4,,6/20/2024,7/6/2024,
Run49,359,1,,,,4,,6/20/2024,7/7/2024,
Run53,359,2,,,,4,,,,
Run54,359,3,,,,4,,,7/7/2024,
Run641,361,1,2.835,19.5353,0.847,5,ran once,7/20/2024,7/24/2024,
Run647,363,1,2.838,1.7724,0.122,5,ran once,7/20/2024,7/24/2024,
Run846,363,2,,,,5,,7/20/2024,9/17/2024,
Run477,366,1,3.083,0.2257,0.051,5,,6/8/2024,7/17/2024,
Run478,366,2,2.896,0.267,0.063,5,,6/8/2024,7/17/2024,
Run461,367,1,,,,5,,6/8/2024,7/16/2024,
Run462,367,2,,,,5,retention time late??,6/8/2024,7/16/2024,
Run463,367,3,,,,5,,6/8/2024,7/16/2024,
Run41,369,1,,,,4,,6/20/2024,7/7/2024,
Run42,369,2,,,,4,This is very weird. Not ethylene?,6/20/2024,7/7/2024,
Run43,369,3,,,,4,SAMPLE 369 MAY BE A LOSS,6/20/2024,7/7/2024,
Run47,369,4,,,,4,,6/20/2024,7/7/2024,
Run48,369,5,,,,4,,6/20/2024,7/7/2024,
Run85,371,1,3.023,0.9812,0.072,4,,6/20/2024,7/8/2024,
Run86,371,2,2.765,2.2158,0.025,4,,6/20/2024,7/8/2024,
Run87,371,3,2.878,0.8067,0.023,4,,6/20/2024,7/8/2024,
Run638,373,1,2.833,1.4156,0.077,5,ran once,7/20/2024,7/24/2024,
Run624,376,1,2.831,8.8288,0.423,5,ran once,7/20/2024,7/24/2024,
Run489,377,1,3.078,88.2606,3.292,5,,6/9/2024,7/17/2024,
Run490,377,2,3.085,92.029,3.326,5,,6/9/2024,7/17/2024,
Run498,379,1,3.063,11.5782,0.493,5,,6/9/2024,7/17/2024,
Run499,379,2,2.998,4.0372,0.405,5,,6/9/2024,7/17/2024,
Run500,379,3,2.986,2.8599,0.297,5,,6/9/2024,7/17/2024,
Run92,381,1,2.973,26.3579,1.149,4,,6/20/2024,7/8/2024,
Run93,381,2,2.953,24.896,1.109,4,,6/20/2024,7/8/2024,
Run94,381,3,,,,4,Didn't register on GC well.,6/20/2024,7/8/2024,
Run29,383,1,,,,4,ARA was 14 min too long,6/20/2024,7/6/2024,
Run30,383,2,0,0,0,4,,6/20/2024,7/6/2024,
Run31,383,3,0,0,0,4,,6/20/2024,7/6/2024,
Run628,386,1,2.821,29.0855,1.31,5,ran once,7/20/2024,7/24/2024,
Run642,388,1,2.815,3.349,0.252,5,ran once,7/20/2024,7/24/2024,
Run504,389,1,3.023,0.8107,0.082,5,,6/9/2024,7/17/2024,
Run505,389,2,3.04,0.7888,0.112,5,,6/9/2024,7/17/2024,
Run493,391,1,3.053,0.2612,0.108,5,,6/9/2024,7/17/2024,
Run494,391,2,3.036,0.4256,0.063,5,,6/9/2024,7/17/2024,
Run495,391,3,3.038,0.1793,0.065,5,,6/9/2024,7/17/2024,
Run23,393,1,2.836,0.4708,0.066,4,Ethylene should be NA since below 0.5 area reject?,6/20/2024,7/6/2024,
Run24,393,2,NA,NA,NA,4,,6/20/2024,7/6/2024,
Run25,393,3,2.711,1.0634,0.057,4,,6/20/2024,7/6/2024,
Run240,393,4,2.951,0.3768,0.046,5,,6/20/2024,7/11/2024,
Run662,397,1,2.963,24.4947,0.956,5,ran once,7/21/2024,7/25/2024,
Run844,397,2,,,,5,manual integration,7/21/2024,9/17/2024,
Run667,400,1,2.868,11.215,0.495,5,ran once,7/21/2024,7/25/2024,
Run838,400,2,,,,5,,7/21/2024,9/16/2024,
Run839,400,3,,,,5,,7/21/2024,9/16/2024,
Run511,401,1,3.056,0.8088,0.119,5,,6/10/2024,7/17/2024,
Run512,401,2,2.99,0.6534,0.183,5,,6/10/2024,7/17/2024,
Run518,403,1,3.001,0.7249,0.13,5,,6/10/2024,7/17/2024,
Run519,403,2,2.956,0.5162,0.09,5,,6/10/2024,7/17/2024,
Run528,404,1,3.2,22.371,0.864,5,,6/10/2024,7/18/2024,
Run529,404,2,3.201,23.0578,0.858,5,,6/10/2024,7/18/2024,
Run132,405,1,3.07,41.6494,1.657,4,Maybe this area is an artifact of leftover standard?,6/21/2024,7/9/2024,
Run133,405,2,,,,4,Peak is broad now. Same issue as yesterday. Looks terrible.,6/21/2024,7/9/2024,
Run136,405,3,2.993,27.5538,1.195,4,Maybe average run 136 and 132?,6/21/2024,7/9/2024,
Run137,405,4,,,,4,Peak is broad now. Same issue as yesterday. Looks terrible.,6/21/2024,7/9/2024,
Run213,407,1,2.988,65.4346,2.287,5,,6/21/2024,7/10/2024,
Run214,407,2,2.921,26.3404,1.199,5,,6/21/2024,7/10/2024,
Run215,407,3,2.966,38.9485,1.529,5,,6/21/2024,7/10/2024,
Run670,409,1,2.845,0.7578,0.072,5,ran once,7/21/2024,7/25/2024,
Run650,411,1,2.891,15.5355,0.696,5,ran once,7/21/2024,7/25/2024,
Run513,415,1,3.03,0.969,0.143,5,,6/10/2024,7/17/2024,
Run514,415,2,2.993,0.779,0.109,5,,6/10/2024,7/17/2024,
Run231,417,1,3.153,0.3736,0.022,5,Should probably be NA since retention time is off,6/21/2024,7/10/2024,
Run232,417,2,3.198,0.3381,0.105,5,Should probably be NA since retention time is off,6/21/2024,7/10/2024,
Run158,419,1,,,,5,1987.6122 @ 1.648 and 0.3014 @3.858,6/21/2024,7/9/2024,
Run159,419,2,,,,5,67429.4521 @ 1.070,6/21/2024,7/9/2024,
Run162,419,3,,,,4,,6/21/2024,7/9/2024,
Run163,419,4,,,,4,Peak is broad now. Same issue as yesterday. Looks terrible.,6/21/2024,7/9/2024,
Run165,419,5,,,,4,,6/21/2024,7/9/2024,
Run671,421,1,2.941,20.9873,0.853,5,ran once,7/21/2024,7/25/2024,
Run743,421,2,3.001,16.3852,0.631,5,run #2,7/21/2024,7/27/2024,
Run655,424,1,2.95,17.514,0.663,5,ran once,7/21/2024,7/25/2024,
Run828,424,2,,,,5,"way lower than before, try again",7/21/2024,9/16/2024,
Run829,424,3,,,,5,,7/21/2024,9/16/2024,
Run522,425,1,3.01,0.1404,0.045,5,,6/10/2024,7/17/2024,
Run523,425,2,2.94,0.1452,0.047,5,,6/10/2024,7/17/2024,
Run506,427,1,3.043,4.4969,0.253,5,,6/10/2024,7/17/2024,
Run507,427,2,2.99,3.0366,0.278,5,,6/10/2024,7/17/2024,
Run508,428,1,3.015,1.6998,0.193,5,,6/10/2024,7/17/2024,
Run509,428,2,2.973,0.8252,0.112,5,,6/10/2024,7/17/2024,
Run510,428,3,2.955,0.5876,0.094,5,,6/10/2024,7/17/2024,
Run106,429,1,2.935,4.8039,0.411,4,,6/21/2024,7/8/2024,
Run107,429,2,2.931,8.4914,0.34,4,,6/21/2024,7/8/2024,
Run108,429,3,2.956,5.0368,0.264,4,,6/21/2024,7/8/2024,
Run122,430,1,2.95,20.8892,1.024,4,,6/21/2024,7/8/2024,
Run123,430,2,2.925,20.4783,0.911,4,,6/21/2024,7/8/2024,
Run124,430,3,2.894,15.6795,0.775,4,,6/21/2024,7/8/2024,
Run139,432,1,,,,4,DON'T KNOW IF I TRUST THESE BIG NUMBERS. PEAKS ALMOST FLAT,6/21/2024,7/9/2024,
Run140,432,2,,,,4,Peak is messed up. No reads,6/21/2024,7/9/2024,
Run141,432,3,,,,4,,6/21/2024,7/9/2024,
Run142,432,4,,,,4,DON'T KNOW IF I TRUST THESE BIG NUMBERS. PEAKS ALMOST FLAT,6/21/2024,7/9/2024,
Run664,433,1,2.868,16.1438,0.728,5,ran once,7/21/2024,7/25/2024,
Run812,433,2,,,,5,,7/21/2024,9/4/2024,
Run813,433,3,,,,5,,7/21/2024,9/4/2024,
Run666,435,1,2.861,1.4894,0.11,5,ran once,7/21/2024,7/25/2024,
Run524,439,1,3.018,9.2207,0.371,5,,6/10/2024,7/17/2024,
Run525,439,2,2.998,4.537,0.429,5,,6/10/2024,7/17/2024,
Run206,441,1,2.976,0.1086,0.044,5,another peak (0.2524 and 0.040) @ 3.126,6/21/2024,7/10/2024,
Run207,441,2,2.956,0.7374,0.049,5,,6/21/2024,7/10/2024,
Run208,441,3,2.92,0.438,0.049,5,,6/21/2024,7/10/2024,
Run118,444,1,2.915,2.4821,0.158,4,,6/21/2024,7/8/2024,
Run119,444,2,2.925,2.2736,0.47,4,,6/21/2024,7/8/2024,
Run120,444,3,2.721,2.1624,0.077,4,,6/21/2024,7/8/2024,
Run668,445,1,2.963,1.1594,0.048,5,ran once,7/21/2024,7/25/2024,
Run830,445,2,2.906,0.6077,0.049,5,,7/21/2024,9/16/2024,
Run660,447,1,2.923,0.836,0.059,5,ran once; ARA 16 min too long,7/21/2024,7/25/2024,
Run834,447,2,2.828,0.7486,0.079,5,,7/21/2024,9/16/2024,
Run546,450,1,,,,5,did manual integration. Could just be NA,6/11/2024,7/18/2024,
Run547,450,2,,,,5,did manual integration. Could just be NA,6/11/2024,7/18/2024,
Run537,452,1,3.093,6.4052,0.455,5,,6/11/2024,7/18/2024,
Run538,452,2,3.088,5.2856,0.405,5,,6/11/2024,7/18/2024,
Run147,453,1,0,0,0,4,,6/21/2024,7/9/2024,
Run148,453,2,0,0,0,4,,6/21/2024,7/9/2024,
Run149,453,3,0,0,0,4,,6/21/2024,7/9/2024,
Run665,458,1,2.891,0.6043,0.071,5,ran once; ARA 11 min too long,7/21/2024,7/25/2024,
Run543,462,1,,,,5,peak looks rough,6/11/2024,7/18/2024,
Run544,462,2,3.075,34.8956,1.37,5,this peak is way cleaner,6/11/2024,7/18/2024,
Run545,462,3,3.105,32.9168,1.31,5,,6/11/2024,7/18/2024,
Run556,464,1,3.021,34.7406,1.31,5,,6/12/2024,7/18/2024,
Run557,464,2,3.035,36.2188,1.352,5,,6/12/2024,7/18/2024,
Run189,465,1,2.98,15.2643,0.508,5,,6/21/2024,7/10/2024,
Run190,465,2,2.951,6.6794,0.045,5,,6/21/2024,7/10/2024,
Run191,465,3,3.05,22.7382,0.865,5,,6/21/2024,7/10/2024,
Run110,468,1,2.948,23.9152,0.969,4,,6/21/2024,7/8/2024,
Run111,468,2,2.881,19.1965,0.488,4,,6/21/2024,7/8/2024,
Run112,468,3,,,,4,Needle bent going in so bad sample. Moving on,6/21/2024,7/8/2024,
Run713,469,1,2.963,1.305,0.097,5,ran once,7/22/2024,7/26/2024,
Run717,470,1,2.905,0.9944,0.039,5,ran once,7/22/2024,7/26/2024,
Run684,472,1,3,17.1875,0.644,5,ran once,7/22/2024,7/26/2024,
Run822,472,2,,,,5,,7/22/2024,9/4/2024,
Run824,472,3,,,,5,,7/22/2024,9/4/2024,
Run575,473,1,3.038,0.8834,0.129,5,ran once,6/12/2024,7/19/2024,
Run758,473,2,2.826,0.5551,0.055,5,,6/12/2024,9/2/2024,
Run573,474,1,3.003,414.2816,15.631,5,ran once,6/12/2024,7/18/2024,
Run770,474,2,3.125,432.7996,15.728,5,,6/12/2024,9/3/2024,
Run551,476,1,3.048,10.0834,0.706,5,,6/12/2024,7/18/2024,
Run552,476,2,3.028,10.9079,0.728,5,,6/12/2024,7/18/2024,
Run553,476,3,3.071,18.2979,0.733,5,,6/12/2024,7/18/2024,
Run180,478,1,2.93,0.6377,0.071,4,,6/21/2024,7/9/2024,
Run181,478,2,,,,4,,6/21/2024,7/9/2024,
Run182,478,3,3.048,0.3043,0,4,,6/21/2024,7/9/2024,
Run174,479,1,2.893,0.1088,0.026,4,,6/21/2024,7/9/2024,
Run176,479,2,2.876,0.2124,0.038,4,also 0.2502 and 0.043 @ 3.143,6/21/2024,7/9/2024,
Run689,482,1,3.003,28.4006,1.097,5,ran once,7/22/2024,7/26/2024,
Run712,483,1,2.961,154.6664,5.873,5,ran once,7/22/2024,7/26/2024,
Run571,486,1,3.013,17.8944,0.727,5,ran once,6/12/2024,7/18/2024,
Run789,486,2,3.12,19.3415,0.773,5,,6/12/2024,9/3/2024,
Run574,488,1,2.988,22.6048,0.86,5,ran once,6/12/2024,7/18/2024,
Run768,488,2,,,,5,kind of big difference?,6/12/2024,9/2/2024,
Run769,488,3,,,,5,kind of big difference?,6/12/2024,9/2/2024,
Run177,490,1,2.766,12.1806,0.034,4,,6/21/2024,7/9/2024,
Run178,490,2,2.851,4.6078,0,4,,6/21/2024,7/9/2024,
Run179,490,3,2.768,8.3094,0,4,,6/21/2024,7/9/2024,
Run96,491,1,3.013,25.848,1.077,4,,6/21/2024,7/8/2024,
Run97,491,2,2.876,16.527,0.72,4,,6/21/2024,7/8/2024,
Run687,494,1,3.016,2.7354,0.157,5,ran once,7/22/2024,7/26/2024,
Run728,496,1,2.991,0.9214,0.083,5,ran once,7/22/2024,7/26/2024,
Run570,499,1,3.011,0.8504,0.041,5,ran once,6/12/2024,7/18/2024,
Run795,499,2,3.183,0.6912,0.072,5,,6/12/2024,9/3/2024,
Run699,501,1,2.968,0.8557,0.072,5,ran once; ARA 3 min too long,7/22/2024,7/26/2024,
Run695,503,1,3.045,0.4658,0.047,5,ran once,7/22/2024,7/26/2024,
Run300,505,1,2.975,18.5388,0.734,5,,6/22/2024,7/12/2024,
Run301,505,2,2.976,14.5123,0.567,5,,6/22/2024,7/12/2024,
Run302,505,3,,,,5,why so different,6/22/2024,7/12/2024,
Run303,505,4,2.98,9.8267,0.313,5,,6/22/2024,7/12/2024,
Run613,510,1,2.82,46.3114,2.078,5,ran once,6/13/2024,7/24/2024,
Run760,510,2,2.835,47.5794,2.125,5,,6/13/2024,9/2/2024,
Run604,511,1,2.783,58.3502,2.615,5,ran once,6/13/2024,7/24/2024,
Run736,511,2,3.015,54.8138,2.144,5,run #2,6/13/2024,7/27/2024,
Run735,513,1,2.958,1.1259,0.066,5,ran once,7/22/2024,7/26/2024,
Run682,514,1,2.86,0.6778,0.065,5,ran once,7/22/2024,7/25/2024,
Run366,517,1,3.05,57.5214,2.264,5,,6/23/2024,7/13/2024,
Run367,517,2,3.278,55.5902,2.166,5,,6/23/2024,7/13/2024,
Run375,517,3,3.093,57.315,2.219,5,,6/23/2024,7/14/2024,
Run376,518,1,3.065,0.3951,0.06,5,,6/23/2024,7/14/2024,
Run377,518,2,3.168,0.5484,0.035,5,,6/23/2024,7/14/2024,
Run372,518,3,,,,5,column oven isn't holding temperature at 29°. Not going to use this. Turned off GC and turned it back on. Not doing a second conditioning run,6/23/2024,7/14/2024,
Run373,518,4,,,,5,"these runs are no good, acetylene peak not showing",6/23/2024,7/14/2024,
Run395,519,1,3.276,26.2108,1.041,5,,6/23/2024,7/14/2024,
Run396,519,2,3.165,21.6092,0.829,5,,6/23/2024,7/14/2024,
Run397,519,3,,,,5,ran out of sample. Go off the previous 2,6/23/2024,7/14/2024,
Run617,522,1,2.818,26.6975,1.185,5,ran once,6/13/2024,7/24/2024,
Run738,522,2,3.035,20.4341,0.782,5,run #2,6/13/2024,7/27/2024,
Run583,524,1,3.1,23.4984,0.879,5,ran once,6/13/2024,7/19/2024,
Run771,524,2,3.12,22.9518,0.863,5,,6/13/2024,9/3/2024,
Run336,527,1,,,,5,,6/23/2024,7/13/2024,
Run337,527,2,,,,5,why so different. Changed septa before 338,6/23/2024,7/13/2024,
Run338,527,3,,,,5,,6/23/2024,7/13/2024,
Run339,527,4,,,,5,again very different ,6/23/2024,7/13/2024,
Run340,527,5,,,,5,,6/23/2024,7/13/2024,
Run360,528,1,3.071,3.4875,0.144,5,peaks double humped. Another peak (2.2958 and 0.099) @ 3.040,6/23/2024,7/13/2024,
Run361,528,2,3.055,4.2514,0.241,5,peaks double humped. Another peak (1.8012 and 0.052) @ 3.093,6/23/2024,7/13/2024,
Run362,528,3,3.036,4.9273,0.138,5,,6/23/2024,7/13/2024,
Run691,529,1,2.99,12.8066,0.507,5,ran once,7/22/2024,7/26/2024,
Run725,530,1,2.965,0.7302,0.031,5,ran once,7/22/2024,7/26/2024,
Run594,535,1,3.063,2.8656,0.056,5,ran once,6/13/2024,7/19/2024,
Run740,535,2,3.003,2.2376,0.103,5,run #2,6/13/2024,7/27/2024,
Run678,541,1,2.89,1.558,0.069,5,ran once,7/23/2024,7/25/2024,
Run731,543,1,2.97,13.6096,0.549,5,ran once,7/23/2024,7/26/2024,
Run818,543,2,,,,5,,7/23/2024,9/4/2024,
Run819,543,3,,,,5,,7/23/2024,9/4/2024,
Run597,545,1,2.773,132.8907,5.845,5,ran once,6/13/2024,7/24/2024,
Run749,545,2,,,,5,,6/13/2024,9/2/2024,
Run750,545,3,,,,5,,6/13/2024,9/2/2024,
Run600,547,1,2.785,18.6806,0.834,5,ran once,6/13/2024,7/24/2024,
Run798,547,2,,,,5,,6/13/2024,9/3/2024,
Run799,547,3,,,,5,,6/13/2024,9/3/2024,
Run390,549,1,3.043,97.1982,3.611,5,,6/23/2024,7/14/2024,
Run391,549,2,3.04,95.6205,3.711,5,,6/23/2024,7/14/2024,
Run323,550,1,2.968,181.4731,6.738,5,,6/23/2024,7/12/2024,
Run324,550,2,2.981,181.991,6.659,5,,6/23/2024,7/12/2024,
Run348,551,1,3.201,20.9576,0.761,5,this seems to be run 347?? Things got out of order?,6/23/2024,7/13/2024,
Run349,551,2,3.126,16.101,0.589,5,,6/23/2024,7/13/2024,
Run700,553,1,2.968,37.9379,1.4,5,ran once,7/23/2024,7/26/2024,
Run697,555,1,2.965,290.3329,10.757,5,ran once,7/23/2024,7/26/2024,
Run607,557,1,2.79,47.8706,2.183,5,ran once,6/13/2024,7/24/2024,
Run791,557,2,,,,5,,6/13/2024,9/3/2024,
Run792,557,3,,,,5,something wrong with that run,6/13/2024,9/3/2024,
Run592,559,1,3.041,242.1806,8.874,5,ran once,6/13/2024,7/19/2024,
Run801,559,2,,,,5,,6/13/2024,9/4/2024,
Run802,559,3,,,,5,,6/13/2024,9/4/2024,
Run380,561,1,,,,5,,6/23/2024,7/14/2024,
Run381,561,2,,,,5,,6/23/2024,7/14/2024,
Run382,561,3,,,,5,why so different??,6/23/2024,7/14/2024,
Run383,561,4,,,,5,why so different??,6/23/2024,7/14/2024,
Run384,561,5,,,,5,one last run. The others were just a fluke?,6/23/2024,7/14/2024,
Run392,564,1,3.118,0.4668,0.051,5,,6/23/2024,7/14/2024,
Run393,564,2,3.135,0.1258,0.039,5,,6/23/2024,7/14/2024,
Run394,564,3,3.141,0.1054,0.043,5,,6/23/2024,7/14/2024,
Run681,566,1,2.885,0.918,0.057,5,ran once,7/23/2024,7/25/2024,
Run611,569,1,2.81,17.8038,0.793,5,ran once,6/13/2024,7/24/2024,
Run751,569,2,2.811,14.745,0.631,5,,6/13/2024,9/2/2024,
Run588,572,1,3.166,1.339,0.098,5,ran once,6/13/2024,7/19/2024,
Run796,572,2,3.148,0.7086,0.04,5,,6/13/2024,9/3/2024,
Run378,573,1,3.153,266.9826,9.984,5,,6/23/2024,7/14/2024,
Run379,573,2,3.243,265.082,9.922,5,,6/23/2024,7/14/2024,
Run374,573,3,,,,5,"these runs are no good, acetylene peak not showing",6/23/2024,7/14/2024,
Run388,574,1,3.138,1.1295,0.046,5,,6/23/2024,7/14/2024,
Run389,574,2,3.11,1.688,0.091,5,,6/23/2024,7/14/2024,
Run363,575,1,3.003,0.1354,0.045,5,,6/23/2024,7/13/2024,
Run364,575,2,2.971,0.1126,0.036,5,,6/23/2024,7/13/2024,
Run333,576,1,3.03,0.9201,0.082,5,,6/23/2024,7/13/2024,
Run334,576,2,3.19,0.1554,0.052,5,,6/23/2024,7/13/2024,
Run335,576,3,3.028,0.408,0.052,5,,6/23/2024,7/13/2024,
Run702,577,1,2.99,0.3841,0.063,5,ran once,7/23/2024,7/26/2024,
Run692,579,1,2.928,1.7609,0.15,5,ran once,7/23/2024,7/26/2024,
Run352,581,1,3.068,23.3244,0.9,5,,6/23/2024,7/13/2024,
Run353,581,2,3.133,23.8588,0.915,5,,6/23/2024,7/13/2024,
Run345,582,1,3.02,39.671,1.57,5,,6/23/2024,7/13/2024,
Run346,582,2,3.066,34.2726,1.327,5,,6/23/2024,7/13/2024,
Run347,582,3,3.105,29.7272,1.089,5,,6/23/2024,7/13/2024,
Run398,583,1,3.27,21.6428,0.802,5,,6/23/2024,7/14/2024,
Run399,583,2,3.005,17.4626,0.671,5,,6/23/2024,7/14/2024,
Run400,584,1,3.335,3.2992,0.079,5,,6/23/2024,7/14/2024,
Run401,584,2,3.05,2.3807,0.138,5,,6/23/2024,7/14/2024,
Run586,587,1,3.08,2.236,0.169,5,ran once,6/13/2024,7/19/2024,
Run806,587,2,,,,5,,6/13/2024,9/4/2024,
Run807,587,3,,,,5,,6/13/2024,9/4/2024,
Run675,589,1,2.945,34.0792,1.273,5,ran once,7/23/2024,7/25/2024,
Run705,590,1,2.971,33.0143,1.256,5,ran once,7/23/2024,7/26/2024,
Run716,592,1,2.975,17.2394,0.651,5,ran once,7/23/2024,7/26/2024,
Run370,593,1,3.118,275.3262,10.5,5,,6/23/2024,7/13/2024,
Run371,593,2,3.048,277.3301,10.438,5,,6/23/2024,7/13/2024,
Run355,594,1,3.155,159.8191,6.064,5,,6/23/2024,7/13/2024,
Run356,594,2,3.108,159.6658,6.144,5,,6/23/2024,7/13/2024,
Run365,594,3,3.126,154.9724,5.89,5,just to make sure previous runs are actually that low,6/23/2024,7/13/2024,
Run601,597,1,2.81,18.9428,0.862,5,ran once,6/13/2024,7/24/2024,
Run793,597,2,,,,5,,6/13/2024,9/3/2024,
Run794,597,3,,,,5,,6/13/2024,9/3/2024,
Run582,598,1,3.116,172.323,6.634,5,ran once,6/13/2024,7/19/2024,
Run778,598,2,,,,5,,6/13/2024,9/3/2024,
Run779,598,3,,,,5,,6/13/2024,9/3/2024,
Run587,600,1,3.196,0.4254,0.034,5,ran once,6/13/2024,7/19/2024,
Run746,600,2,2.748,0.2884,0.055,5,,6/13/2024,9/2/2024,
Run619,658,1,2.981,0.1057,0.036,5,ran once; another peak @2.743 - A=0.2749 and H=0.046,6/17/2024,7/24/2024,
Run763,658,2,2.86,0.3697,0.042,5,,6/17/2024,9/2/2024,
Run329,850,1,,,,5,,6/23/2024,7/13/2024,
Run330,850,2,,,,5,,6/23/2024,7/13/2024,
Run331,850,3,,,,5,why so different,6/23/2024,7/13/2024,
Run332,850,4,,,,5,,6/23/2024,7/13/2024,
Run625,901,1,2.825,10.5228,0.496,5,ran once,7/20/2024,7/24/2024,
Run845,901,2,,,,5,manual integration,7/20/2024,9/17/2024,
Run412,906,1,,,,5,would think this would be higher. Need to double check flame,6/7/2024,7/15/2024,
Run416,906,2,,,,5,looks bad still. Going to run air,6/7/2024,7/15/2024,
Run423,906,3,3.931,25.1976,0.868,5,,6/7/2024,7/15/2024,
Run424,906,4,,,,5,run looks bad. Go with Run423!!,6/7/2024,7/15/2024,
Run450,907,1,2.863,0.2108,0.042,5,rentention time early. Maybe should be NA?,6/7/2024,7/16/2024,
Run451,907,2,3.445,0.1046,0.037,5,retention time late. 907 CN should be NA,6/7/2024,7/16/2024,
Run630,913,1,2.806,94.4114,4.138,5,ran once,7/20/2024,7/24/2024,
Run620,914,1,2.795,57.6816,2.61,5,ran once,7/20/2024,7/24/2024,
Run632,916,1,2.88,0.339,0.043,5,ran once,7/20/2024,7/24/2024,
Run410,917,1,2.935,0.1579,0.043,5,,6/7/2024,7/15/2024,
Run411,917,2,3.051,0.119,0.043,5,,6/7/2024,7/15/2024,
Run425,917,3,4.251,0.1042,0.041,5,,6/7/2024,7/15/2024,
Run442,920,1,0,0,0,5,,6/7/2024,7/16/2024,
Run443,920,2,0,0,0,5,,6/7/2024,7/16/2024,
Run444,920,3,NA,NA,NA,5,,6/7/2024,7/16/2024,
Run640,927,1,2.798,4.6766,0.227,5,ran once,7/20/2024,7/24/2024,
Run426,929,1,4.15,1.4871,0.104,5,,6/7/2024,7/15/2024,
Run427,929,2,4.4,9.4624,0.353,5,,6/7/2024,7/15/2024,
Run428,929,3,4.17,0.1888,0.028,5,,6/7/2024,7/15/2024,
Run432,930,1,4.541,0.2332,0.029,5,,6/7/2024,7/15/2024,
Run433,930,2,3.148,0.859,0.045,5,,6/7/2024,7/16/2024,
Run434,930,3,3.158,0.4228,0.08,5,,6/7/2024,7/16/2024,
Run487,932,1,3.091,3.3432,0.252,5,,6/8/2024,7/17/2024,
Run488,932,2,3.073,2.4216,0.187,5,,6/8/2024,7/17/2024,
Run04,934,1,3.053,0.7412,0.083,3,,6/20/2024,7/3/2024,
Run05,934,2,3.085,0.5809,0.072,3,,6/20/2024,7/3/2024,
Run06,934,3,3.045,0.6234,0.052,3,,6/20/2024,7/3/2024,
Run55,936,1,,,,4,Peak very flat so area may be inflated.,,7/7/2024,
Run56,936,2,2.285,8.5218,0,4,,,7/7/2024,
Run57,936,3,2.296,5.6826,0,4,,,7/7/2024,
Run629,937,1,2.815,88.0594,3.947,5,ran once,7/20/2024,7/24/2024,
Run636,940,1,2.818,1.0074,0.046,5,ran once,7/20/2024,7/24/2024,
Run459,942,1,3.001,24.6302,0.977,5,,6/8/2024,7/16/2024,
Run460,942,2,3.001,21.2536,0.823,5,,6/8/2024,7/16/2024,
Run479,944,1,3.028,0.1522,0.043,5,,6/8/2024,7/17/2024,
Run480,944,2,3.023,0.1468,0.036,5,,6/8/2024,7/17/2024,
Run59,945,1,2.911,6.7421,0.325,4,,,,
Run60,945,2,,,,4,DIDN'T HAVE ENOUGH SAMPLE,,,
Run151,946,1,,,,3,3ml,6/21/2024,7/9/2024,
Run154,946,2,,,,3,fluke?,6/21/2024,7/9/2024,
Run155,946,3,,,,3,,6/21/2024,7/9/2024,
Run156,946,4,2.901,0.7535,0.053,5,,6/21/2024,7/9/2024,
Run102,947,1,2.986,0.5182,0.059,4,,6/21/2024,7/8/2024,
Run103,947,2,2.411,0.29,0,4,retention time is less since sample pushed before run started (~5 secs late),6/21/2024,7/8/2024,
Run104,947,3,2.765,0.8336,0.027,4,,6/21/2024,7/8/2024,
Run637,950,1,2.841,1.4859,0.091,5,ran once,7/20/2024,7/24/2024,
Run644,951,1,2.806,1.0668,0.099,5,ran once,7/20/2024,7/24/2024,
Run840,951,2,2.901,0.425,0.062,5,,7/20/2024,9/17/2024,
Run472,954,1,2.95,0.1364,0.043,5,,6/8/2024,7/17/2024,
Run473,954,2,2.865,0.1078,0.048,5,,6/8/2024,7/17/2024,
Run476,954,3,3.125,0.3073,0.044,5,,6/8/2024,7/17/2024,
Run469,956,1,3,0.125,0.047,5,,6/8/2024,7/16/2024,
Run470,956,2,3.016,0.3366,0.034,5,,6/8/2024,7/16/2024,
Run471,956,3,3.028,1.165,0.12,5,,6/8/2024,7/16/2024,
Run209,957,1,2.941,1.907,0.094,5,,6/21/2024,7/10/2024,
Run210,957,2,2.935,0.8,0.092,5,another peak (0.4995 and 0.0.077) @ 3.061,6/21/2024,7/10/2024,
Run211,957,3,2.941,1.3363,0.057,5,,6/21/2024,7/10/2024,
Run166,959,1,2.725,1.4665,0.048,4,,6/21/2024,7/9/2024,
Run167,959,2,,,,4,,6/21/2024,7/9/2024,
Run496,966,1,2.97,0.1717,0.037,5,,6/9/2024,7/17/2024,
Run497,966,2,3.006,0.1458,0.043,5,,6/9/2024,7/17/2024,
Run491,967,1,3.071,2.2274,0.183,5,,6/9/2024,7/17/2024,
Run492,967,2,3.036,1.064,0.191,5,,6/9/2024,7/17/2024,
Run221,970,1,2.92,47.7212,1.777,5,,6/21/2024,7/10/2024,
Run222,970,2,2.908,32.8234,1.471,5,,6/21/2024,7/10/2024,
Run223,970,3,,,,5,think the sample just ran out? I think I believe the previous runs?,6/21/2024,7/10/2024,
Run224,970,4,,,,5,,6/21/2024,7/10/2024,
Run99,971,1,2.93,0.3764,0.055,4,,6/21/2024,7/8/2024,
Run100,971,2,2.646,0.2548,0,4,,6/21/2024,7/8/2024,
Run635,973,1,2.825,12.9293,0.583,5,ran once,7/20/2024,7/24/2024,
Run835,973,2,,,,5,,7/20/2024,9/16/2024,
Run836,973,3,,,,5,,7/20/2024,9/16/2024,
Run639,974,1,2.846,1.2072,0.07,5,ran once,7/20/2024,7/24/2024,
Run672,976,1,2.928,20.8148,0.859,5,ran once,7/21/2024,7/25/2024,
Run501,978,1,3.016,0.7499,0.114,5,,6/9/2024,7/17/2024,
Run502,978,2,2.93,0.1902,0.068,5,,6/9/2024,7/17/2024,
Run503,978,3,3.028,0.4167,0.069,5,,6/9/2024,7/17/2024,
Run656,982,1,2.95,1.2926,0.088,5,ran once,7/21/2024,7/25/2024,
Run847,982,2,,,,5,retention early and way bigger than first run???,7/21/2024,9/17/2024,
Run673,984,1,2.846,9.017,0.422,5,ran once,7/21/2024,7/25/2024,
Run741,984,2,,,,5,run #2; way lower than first run. Doing it again,7/21/2024,7/27/2024,
Run742,984,3,3.001,8.7486,0.369,5,run #3,7/21/2024,7/27/2024,
Run199,985,1,3.031,60.2288,2.082,5,ARA was 5 mins too long,6/21/2024,7/10/2024,
Run200,985,2,3.006,50.5756,1.988,5,,6/21/2024,7/10/2024,
Run201,985,3,2.948,43.3023,1.677,5,,6/21/2024,7/10/2024,
Run226,987,1,0,0,0,5,another peak (0.3434 and 0.055) @ 3.011,6/21/2024,7/10/2024,
Run227,987,2,0,0,0,5,,6/21/2024,7/10/2024,
Run228,987,3,0,0,0,5,,6/21/2024,7/10/2024,
Run530,989,1,3.178,8.9825,0.663,5,,6/10/2024,7/18/2024,
Run531,989,2,3.12,4.1602,0.443,5,,6/10/2024,7/18/2024,
Run532,989,3,3.16,8.3482,0.347,5,,6/10/2024,7/18/2024,
Run515,990,1,3.043,108.5644,3.778,5,,6/10/2024,7/17/2024,
Run516,990,2,3.04,84.6418,3.008,5,,6/10/2024,7/17/2024,
Run517,990,3,3.041,66.4986,2.304,5,,6/10/2024,7/17/2024,
Run674,994,1,2.886,1.4048,0.057,5,ran once,7/21/2024,7/25/2024,
Run744,994,2,2.973,1.2515,0.062,5,run #2,7/21/2024,7/27/2024,
Run661,995,1,2.878,0.4505,0.067,5,ran once,7/21/2024,7/25/2024,
Run170,998,1,3.086,0.8104,0.037,4,,6/21/2024,7/9/2024,
Run171,998,2,2.883,0.2457,0.039,4,,6/21/2024,7/9/2024,
Run172,998,3,0,0,0,4,,6/21/2024,7/9/2024,
Run216,999,1,0,0,0,5,,6/21/2024,7/10/2024,
Run217,999,2,0,0,0,5,another peak (0.3006 and 0.038) @ 2.920,6/21/2024,7/10/2024,
Run218,999,3,0,0,0,5,,6/21/2024,7/10/2024,
Run195,1001,1,2.95,8.7942,0.33,5,,6/21/2024,7/10/2024,
Run196,1001,2,2.748,4.9136,0.025,5,,6/21/2024,7/10/2024,
Run197,1001,3,2.75,5.3686,0.039,5,,6/21/2024,7/10/2024,
Run187,1002,1,3.13,42.7968,1.641,5,,6/21/2024,7/10/2024,
Run188,1002,2,3.093,42.429,1.599,5,,6/21/2024,7/10/2024,
Run526,1005,1,3.186,0.4842,0.046,5,ARA went 7 mins too long,6/10/2024,7/18/2024,
Run527,1005,2,3.086,0.4125,0.183,5,ARA went 7 mins too long,6/10/2024,7/18/2024,
Run520,1007,1,3.031,6.4462,0.527,5,,6/10/2024,7/17/2024,
Run521,1007,2,3.04,6.3513,0.487,5,,6/10/2024,7/17/2024,
Run658,1009,1,2.95,0.7666,0.075,5,ran once,7/21/2024,7/25/2024,
Run648,1011,1,2.863,0.1151,0.051,5,ran once,7/21/2024,7/24/2024,
Run837,1011,2,2.811,0.1607,0.053,5,,7/21/2024,9/16/2024,
Run654,1012,1,2.925,0.5972,0.063,5,ran once,7/21/2024,7/25/2024,
Run533,1017,1,3.113,67.5236,2.54,5,ARA 2 mins too long,6/11/2024,7/18/2024,
Run534,1017,2,3.111,67.3844,2.53,5,ARA 2 mins too long,6/11/2024,7/18/2024,
Run548,1018,1,3.063,13.5255,0.989,5,had to do manual integration. Go with only next 2 runs,6/11/2024,7/18/2024,
Run549,1018,2,3.046,23.8798,0.938,5,,6/11/2024,7/18/2024,
Run550,1018,3,3.056,24.1034,0.92,5,,6/11/2024,7/18/2024,
Run535,1020,1,3.103,117.2464,4.43,5,,6/11/2024,7/18/2024,
Run536,1020,2,3.128,124.1744,4.616,5,,6/11/2024,7/18/2024,
Run719,1021,1,2.973,0.9798,0.083,5,ran once,7/22/2024,7/26/2024,
Run721,1022,1,2.886,9.8176,0.405,5,ran once,7/22/2024,7/26/2024,
Run826,1022,2,,,,5,,7/22/2024,9/4/2024,
Run827,1022,3,,,,5,,7/22/2024,9/4/2024,
Run727,1023,1,2.931,34.5068,1.298,5,ran once,7/22/2024,7/26/2024,
Run541,1026,1,3.046,0.5392,0.052,5,,6/11/2024,7/18/2024,
Run542,1026,2,3.128,0.5543,0.116,5,,6/11/2024,7/18/2024,
Run539,1028,1,3.095,2.1441,0.274,5,,6/11/2024,7/18/2024,
Run540,1028,2,3.043,2.6176,0.263,5,,6/11/2024,7/18/2024,
Run202,1029,1,3.011,0.2607,0.051,5,,6/21/2024,7/10/2024,
Run203,1029,2,3.331,0.2865,0.066,5,retention time longer. Probably not an ethylene peak,6/21/2024,7/10/2024,
Run204,1029,3,3.346,0.1491,0.023,5,retention time longer. Probably not an ethylene peak,6/21/2024,7/10/2024,
Run229,1030,1,0,0,0,5,another peak (0.1868 and 0.052) @ 3.021,6/21/2024,7/10/2024,
Run230,1030,2,0,0,0,5,,6/21/2024,7/10/2024,
Run219,1032,1,3.186,0.4421,0.057,5,,6/21/2024,7/10/2024,
Run220,1032,2,3.003,0.366,0.041,5,,6/21/2024,7/10/2024,
Run565,1038,1,3.055,0.1758,0.048,5,,6/12/2024,7/18/2024,
Run566,1038,2,3.098,0.2202,0.05,5,,6/12/2024,7/18/2024,
Run578,1040,1,3.126,0.9083,0.081,5,ran once,6/12/2024,7/19/2024,
Run753,1040,2,,,,5,,6/12/2024,9/2/2024,
Run754,1040,3,,,,5,,6/12/2024,9/2/2024,
Run144,1042,1,0,0,0,4,,6/21/2024,7/9/2024,
Run145,1042,2,0,0,0,4,,6/21/2024,7/9/2024,
Run146,1042,3,0,0,0,4,,6/21/2024,7/9/2024,
Run183,1043,1,0,0,0,4,,6/21/2024,7/9/2024,
Run184,1043,2,0,0,0,4,,6/21/2024,7/9/2024,
Run185,1043,3,0,0,0,4,,6/21/2024,7/9/2024,
Run724,1045,1,2.866,0.1062,0.039,5,ran once,7/22/2024,7/26/2024,
Run732,1046,1,2.94,1.1611,0.071,5,ran once,7/22/2024,7/26/2024,
Run734,1047,1,2.905,16.2292,0.648,5,ran once,7/22/2024,7/26/2024,
Run680,1048,1,2.9,8.4605,0.39,5,ran once,7/22/2024,7/25/2024,
Run568,1051,1,3.03,0.355,0.053,5,ran once,6/12/2024,7/18/2024,
Run800,1051,2,3.11,0.1348,0.041,5,,6/12/2024,9/4/2024,
Run579,1052,1,3.12,1.1404,0.056,5,ran once,6/12/2024,7/19/2024,
Run797,1052,2,3.098,1.3966,0.116,5,,6/12/2024,9/3/2024,
Run193,1054,1,3.223,0.1092,0.037,5,would be an NA since less than 0.5,6/21/2024,7/10/2024,
Run194,1054,2,3.095,0.2619,0.026,5,would be an NA since less than 0.5,6/21/2024,7/10/2024,
Run114,1055,1,2.881,0.3248,0.037,4,,6/21/2024,7/8/2024,
Run115,1055,2,2.948,0.3419,0.031,4,,6/21/2024,7/8/2024,
Run116,1055,3,3.185,0.3724,0.045,4,,6/21/2024,7/8/2024,
Run561,1062,1,3.043,9.0522,0.384,5,,6/12/2024,7/18/2024,
Run562,1062,2,3.085,5.1726,0.413,5,,6/12/2024,7/18/2024,
Run563,1062,3,3.046,4.0538,0.352,5,,6/12/2024,7/18/2024,
Run558,1064,1,3.001,0.6998,0.063,5,,6/12/2024,7/18/2024,
Run559,1064,2,3.108,0.4464,0.053,5,,6/12/2024,7/18/2024,
Run560,1064,3,3.093,0.3061,0.036,5,,6/12/2024,7/18/2024,
Run247,1066,1,,,,5,,6/22/2024,7/11/2024,
Run249,1066,2,,,,5,Retention time late - don't know if can trust,6/22/2024,7/11/2024,
Run250,1066,3,,,,5,very different. Go with Run249?,6/22/2024,7/11/2024,
Run276,1067,1,2.953,0.2417,0.041,5,,6/22/2024,7/11/2024,
Run277,1067,2,2.961,0.1008,0.035,5,,6/22/2024,7/11/2024,
Run726,1070,1,2.903,0.991,0.1,5,ran once,7/22/2024,7/26/2024,
Run816,1070,2,,,,5,,7/22/2024,9/4/2024,
Run576,1075,1,3.138,0.3546,0.064,5,ran once,6/12/2024,7/19/2024,
Run767,1075,2,2.836,0.5338,0.043,5,,6/12/2024,9/2/2024,
Run304,1077,1,2.758,0.1594,0.04,5,rentention time earlier than normal. Maybe should be NA,6/22/2024,7/12/2024,
Run305,1077,2,2.991,0.1367,0.063,5,,6/22/2024,7/12/2024,
Run278,1079,1,2.828,0.2534,0.05,5,,6/22/2024,7/11/2024,
Run279,1079,2,2.935,0.1014,0.03,5,,6/22/2024,7/11/2024,
Run698,1083,1,2.89,101.526,4.073,5,ran once,7/22/2024,7/26/2024,
Run730,1084,1,2.99,143.3506,5.155,5,ran once,7/22/2024,7/26/2024,
Run572,1085,1,3.021,1.9238,0.4,5,ran once; ARA 4 mins too long,6/12/2024,7/18/2024,
Run761,1085,2,,,,5,ARA 4 min too long,6/12/2024,9/2/2024,
Run762,1085,3,,,,5,manual integration; ARA 4 min too long,6/12/2024,9/2/2024,
Run577,1087,1,3.005,0.2752,0.049,5,ran once,6/12/2024,7/19/2024,
Run786,1087,2,2.998,0.2156,0.037,5,,6/12/2024,9/3/2024,
Run280,1089,1,0,0,0,5,,6/22/2024,7/11/2024,
Run281,1089,2,0,0,0,5,another peak (0.2278 and 0.036) @ 3.048,6/22/2024,7/11/2024,
Run318,1091,1,0,0,0,5,,6/22/2024,7/12/2024,
Run319,1091,2,0,0,0,5,,6/22/2024,7/12/2024,
Run733,1093,1,2.938,23.2638,0.897,5,ran once,7/22/2024,7/26/2024,
Run688,1094,1,2.961,0.9344,0.086,5,ran once; ARA 4 min too long,7/22/2024,7/26/2024,
Run843,1094,2,3.065,0.3691,0.074,5,ARA 4 min too long,7/22/2024,9/17/2024,
Run718,1095,1,2.953,0.5197,0.05,5,ran once,7/22/2024,7/26/2024,
Run686,1096,1,2.925,0.1846,0.051,5,ran once,7/22/2024,7/26/2024,
Run817,1096,2,3.053,0.1108,0.051,5,,7/22/2024,9/4/2024,
Run569,1098,1,3.091,1.2556,0.22,5,ran once,6/12/2024,7/18/2024,
Run788,1098,2,,,,5,,6/12/2024,9/3/2024,
Run554,1100,1,3.098,5.5398,0.223,5,,6/12/2024,7/18/2024,
Run555,1100,2,3.031,5.0274,0.233,5,,6/12/2024,7/18/2024,
Run320,1101,1,2.991,25.2582,0.948,5,ARA lasted 8 mins too long,6/22/2024,7/12/2024,
Run321,1101,2,3.006,21.2773,0.779,5,,6/22/2024,7/12/2024,
Run322,1101,3,2.988,16.6027,0.603,5,,6/22/2024,7/12/2024,
Run297,1102,1,2.998,0.265,0.075,5,,6/22/2024,7/12/2024,
Run298,1102,2,3.013,0.1573,0.048,5,,6/22/2024,7/12/2024,
Run253,1103,1,3.175,50.1078,1.767,5,,6/22/2024,7/11/2024,
Run255,1103,2,3.191,40.8914,1.468,5,,6/22/2024,7/11/2024,
Run256,1103,3,3.22,34.3952,1.207,5,,6/22/2024,7/11/2024,
Run239,1104,1,3.09,1.399,0.106,5,Run 241 and 242 are best,6/22/2024,7/11/2024,
Run241,1104,2,2.971,3.971,0.08,5,SAMPLES SEEM TO GET LARGER EACH TIME?,6/22/2024,7/11/2024,
Run242,1104,3,2.863,4.0597,0.032,5,,6/22/2024,7/11/2024,
Run690,1105,1,2.946,0.497,0.033,5,ran once,7/23/2024,7/26/2024,
Run701,1106,1,2.916,0.4124,0.049,5,ran once,7/23/2024,7/26/2024,
Run683,1108,1,3.008,23.4132,0.87,5,ran once,7/23/2024,7/26/2024,
Run610,1110,1,2.806,39.734,1.758,5,ran once,6/13/2024,7/24/2024,
Run747,1110,2,,,,5,,6/13/2024,9/2/2024,
Run748,1110,3,,,,5,,6/13/2024,9/2/2024,
Run585,1111,1,3.053,0.6788,0.053,5,ran once,6/13/2024,7/19/2024,
Run739,1111,2,3.06,0.2334,0.034,5,run #2,6/13/2024,7/27/2024,
Run596,1112,1,2.801,13.0735,0.539,5,ran once,6/13/2024,7/24/2024,
Run757,1112,2,,,,5,,6/13/2024,9/2/2024,
Run598,1122,1,2.795,8.3433,0.389,5,ran once,6/13/2024,7/24/2024,
Run755,1122,2,,,,5,,6/13/2024,9/2/2024,
Run756,1122,3,,,,5,,6/13/2024,9/2/2024,
Run581,1124,1,3.021,0.1439,0.049,5,ran once; or @3.198 (A=0.3101 and H=0.049),6/13/2024,7/19/2024,
Run782,1124,2,,,,5,,6/13/2024,9/3/2024,
Run290,1125,1,,,,5,,6/22/2024,7/12/2024,
Run291,1125,2,,,,5,big difference here,6/22/2024,7/12/2024,
Run292,1125,3,,,,5,,6/22/2024,7/12/2024,
Run293,1125,4,,,,5,Not sure which to believe,6/22/2024,7/12/2024,
Run264,1127,1,0,0,0,5,,6/22/2024,7/11/2024,
Run265,1127,2,0,0,0,5,,6/22/2024,7/11/2024,
Run266,1127,3,0,0,0,5,,6/22/2024,7/11/2024,
Run729,1129,1,2.958,1.1118,0.077,5,ran once,7/23/2024,7/26/2024,
Run708,1130,1,2.951,1.5925,0.067,5,ran once,7/23/2024,7/26/2024,
Run849,1130,2,,,,5,,7/23/2024,9/17/2024,
Run679,1131,1,2.878,0.8984,0.053,5,ran once,7/23/2024,7/25/2024,
Run831,1131,2,,,,5,,7/23/2024,9/16/2024,
Run832,1131,3,,,,5,,7/23/2024,9/16/2024,
Run602,1134,1,2.823,0.5412,0.044,5,ran once,6/13/2024,7/24/2024,
Run776,1134,2,2.94,0.2112,0.045,5,,6/13/2024,9/3/2024,
Run609,1136,1,2.81,91.7681,4.057,5,ran once,6/13/2024,7/24/2024,
Run766,1136,2,2.843,89.5734,3.906,5,,6/13/2024,9/2/2024,
Run251,1137,1,3.176,37.6858,1.357,5,,6/22/2024,7/11/2024,
Run252,1137,2,3.173,39.2159,1.367,5,,6/22/2024,7/11/2024,
Run310,1138,1,2.95,2.3499,0.119,5,ARA was 7 mins too long.  Another peak (0.8241 and 0.026) @ 2.986,6/22/2024,7/12/2024,
Run311,1138,2,2.951,2.0462,0.086,5,,6/22/2024,7/12/2024,
Run273,1139,1,2.948,0.4564,0.046,5,,6/22/2024,7/11/2024,
Run274,1139,2,2.8,0.137,0.039,5,,6/22/2024,7/11/2024,
Run275,1139,3,2.946,0.1911,0.037,5,,6/22/2024,7/11/2024,
Run612,1142,1,2.811,19.9742,0.913,5,ran once,6/13/2024,7/24/2024,
Run803,1142,2,3.22,20.0034,0.768,5,,6/13/2024,9/4/2024,
Run703,1145,1,2.883,21.1342,0.828,5,ran once,7/23/2024,7/26/2024,
Run720,1146,1,2.97,22.5109,0.841,5,ran once,7/23/2024,7/26/2024,
Run715,1147,1,2.951,0.377,0.024,5,ran once,7/23/2024,7/26/2024,
Run257,1149,1,3.001,48.0064,1.805,5,,6/22/2024,7/11/2024,
Run258,1149,2,,,,5,very different from previous. Try again,6/22/2024,7/11/2024,
Run259,1149,3,2.993,31.7548,1.141,,,6/22/2024,7/11/2024,
Run269,1151,1,2.943,45.2858,1.791,5,,6/22/2024,7/11/2024,
Run270,1151,2,2.943,39.2424,1.452,5,,6/22/2024,7/11/2024,
Run271,1151,3,2.95,48.0238,1.823,5,,6/22/2024,7/11/2024,
Run312,1152,1,3.008,0.1114,0.048,5,,6/22/2024,7/12/2024,
Run313,1152,2,3.011,0.2018,0.05,5,,6/22/2024,7/12/2024,
Run603,1153,1,2.79,148.6594,6.468,5,ran once,6/13/2024,7/24/2024,
Run764,1153,2,,,,5,,6/13/2024,9/2/2024,
Run765,1153,3,,,,5,,6/13/2024,9/2/2024,
Run591,1156,1,3.126,0.4092,0.055,5,ran once,6/13/2024,7/19/2024,
Run737,1156,2,3,0.5221,0.035,5,run #2,6/13/2024,7/27/2024,
Run714,1158,1,2.931,1.3985,0.116,5,ran once,7/23/2024,7/26/2024,
Run676,1160,1,2.92,0.8436,0.064,5,ran once,7/23/2024,7/25/2024,
Run294,1161,1,3.043,0.427,0.033,5,,6/22/2024,7/12/2024,
Run295,1161,2,3.046,0.1497,0.076,5,,6/22/2024,7/12/2024,
Run296,1161,3,3.07,0.1502,0.035,5,,6/22/2024,7/12/2024,
Run282,1162,1,2.973,0.606,0.037,5,,6/22/2024,7/11/2024,
Run283,1162,2,2.953,0.9682,0.043,5,,6/22/2024,7/11/2024,
Run284,1162,3,,,,5,this must be a fluke,6/22/2024,7/11/2024,
Run285,1162,4,,,,,interesting,6/22/2024,7/11/2024,
Run287,1162,5,2.943,0.6758,0.034,5,,6/22/2024,7/11/2024,
Run706,1165,1,2.961,0.621,0.064,5,ran once,7/23/2024,7/26/2024,
Run685,1166,1,3.041,14.9737,0.557,5,ran once,7/23/2024,7/26/2024,
Run745,1166,2,3.028,10.4997,0.415,5,run #2,7/23/2024,7/27/2024,
Run722,1167,1,2.928,0.4872,0.052,5,ran once,7/23/2024,7/26/2024,
Run595,1170,1,3.021,1.4064,0.091,5,ran once,6/13/2024,7/19/2024,
Run783,1170,2,3.181,0.6002,0.056,5,,6/13/2024,9/3/2024,
Run605,1172,1,2.781,1.289,0.104,5,ran once,6/13/2024,7/24/2024,
Run780,1172,2,,,,5,,6/13/2024,9/3/2024,
Run781,1172,3,,,,5,,6/13/2024,9/3/2024,
Run314,1173,1,2.976,0.8738,0.065,5,,6/22/2024,7/12/2024,
Run315,1173,2,2.851,0.169,0.039,5,,6/22/2024,7/12/2024,
Run316,1173,3,2.946,0.2504,0.054,5,,,,
Run267,1175,1,2.84,0.3042,0.044,5,,6/22/2024,7/11/2024,
Run268,1175,2,2.88,0.2544,0.032,5,,6/22/2024,7/11/2024,
Run246,1176,1,0,0,0,5,,6/22/2024,7/11/2024,
Run248,1176,2,0,0,0,5,,6/22/2024,7/11/2024,
Run704,1177,1,2.94,0.8566,0.054,5,ran once,7/23/2024,7/26/2024,
Run707,1180,1,3.023,1.0593,0.068,5,ran once; ARA 5 min too long,7/23/2024,7/26/2024,
Run584,1181,1,3.06,0.239,0.055,5,ran once,6/13/2024,7/19/2024,
Run777,1181,2,2.785,0.112,0.053,5,,6/13/2024,9/3/2024,
Run614,1183,1,2.801,1.0942,0.106,5,ran once,6/13/2024,7/24/2024,
Run787,1183,2,3.06,0.6816,0.065,5,,6/13/2024,9/3/2024,
Run261,1186,1,0,0,0,5,,6/22/2024,7/11/2024,
Run262,1186,2,0,0,0,5,,6/22/2024,7/11/2024,
Run263,1186,3,0,0,0,5,,6/22/2024,7/11/2024,
Run237,1188,1,3.175,1.3447,0.049,5,,6/22/2024,7/11/2024,
Run238,1188,2,3.145,1.0921,0.062,5,,6/22/2024,7/11/2024,
Run243,1188,3,,,,5,This is a fluke. Don't use this one,6/22/2024,7/11/2024,
Run245,1188,4,3.151,0.806,0.062,5,,6/22/2024,7/11/2024,
Run696,1191,1,2.998,0.2905,0.06,5,ran once,7/23/2024,7/26/2024,
Run677,1192,1,2.918,71.4411,2.637,5,ran once,7/23/2024,7/25/2024,
Run814,1192,2,,,,5,,7/23/2024,9/4/2024,
Run815,1192,3,,,,5,,7/23/2024,9/4/2024,
Run593,1193,1,3.013,0.9396,0.043,5,ran once,6/13/2024,7/19/2024,
Run790,1193,2,3.136,1.1526,0.053,5,,6/13/2024,9/3/2024,
Run590,1195,1,3.041,66.0603,2.587,5,ran once,6/13/2024,7/19/2024,
Run752,1195,2,2.81,71.2338,3.022,5,,6/13/2024,9/2/2024,
Run306,1197,1,2.931,1.7968,0.081,5,,6/22/2024,7/12/2024,
Run307,1197,2,,,,5,is a fluke,6/22/2024,7/12/2024,
Run309,1197,3,2.978,1.8002,0.114,5,,6/22/2024,7/12/2024,
