Species,Treatment,Tray_Num,Individual,ANPP,BNPP,Notes,,,,,,
BA,Control,,9,0.0574,0.0798,,,,,,,
BA,Control,,10,0.1031,0.3133,,,,,,,
BA,Control,,11,,,DEAD,,,,,,
BA,Control,,12,0.0523,0.0906,,,,,,,
BA,Control,,21,0.0506,0.0734,,,,,,,
BA,Control,,22,0.0730,0.4017,,,,,,,
BA,Control,,23,0.0649,0.4345,,,,,,,
BA,Control,,24,0.0479,0.0647,,,,,,,
BA,Control,,33,,,DEAD,,,,,,
BA,Control,,34,0.0564,0.0873,,,,,,,
BA,Control,,35,0.0519,0.4955,,,,,,,
BA,Control,,36,0.0471,0.3496,,,,,,,
BA,Control,,45,0.0461,0.3263,,,,,,,
BA,Control,,46,0.0645,0.0885,,,,,,,
BA,Control,,47,0.0432,0.2888,,,,,,,
BA,Control,,48,0.0482,0.2491,,,,,,,
BA,Control,,57,0.0676,0.1205,,,,,,,
BA,Control,,58,0.0460,0.2033,,,,,,,
BA,Control,,59,0.0443,0.2847,,,,,,,
BA,Control,,60,0.0612,0.0374,,,,,,,
BA,Control,,69,0.0634,0.4666,,,,,,,
BA,Control,,70,0.0499,0.3333,,,,,,,
BA,Control,,71,0.0787,0.2663,,,,,,,
BA,Control,,72,0.0404,0.0844,,,,,,,
BA,Control,,85,0.0918,0.256,,,,,,,
BA,Control,,86,0.0713,0.5838,,,,,,,
BA,Control,,87,0.0278,0.0499,,,,,,,
BA,Control,,88,0.0599,0.1711,,,,,,,
BA,Control,,97,0.0258,0.0909,,,,,,,
BA,Control,,98,0.0302,0.1368,,,,,,,
BA,Control,,99,0.0454,0.3845,,,,,,,
BA,Control,,100,0.0216,0.035,,,,,,,
BA,Control,,105,0.0645,0.2114,,,,,,,
BA,Control,,106,0.0087,0.0215,,,,,,,
BA,Control,,107,0.0493,0.1916,,,,,,,
BA,Control,,108,0.0912,0.9868,,,,,,,
BA,Control,,117,0.0605,0.5614,,,,,,,
BA,Control,,118,0.0458,0.3173,,,,,,,
BA,Control,,119,0.0484,0.1477,,,,,,,
BA,Control,,120,0.0542,0.1578,,,,,,,
BA,Control,,129,0.0668,0.1223,,,,,,,
BA,Control,,130,0.0830,0.3142,,,,,,,
BA,Control,,131,0.0139,0.0133,,,,,,,
BA,Control,,132,0.0842,0.1396,,,,,,,
BA,Control,,141,0.0802,0.293,,,,,,,
BA,Control,,142,0.0190,0.0478,,,,,,,
BA,Control,,143,,,MISSING?,,,,,,
BA,Control,,144,0.0639,0.0864,,,,,,,
BA,Control,,153,0.0714,0.3733,,,,,,,
BA,Control,,154,0.0994,0.162,,,,,,,
BA,Control,,155,0.0696,0.2799,,,,,,,
BA,Control,,156,0.0710,0.2322,,,,,,,
BA,Control,,165,0.0554,0.183,,,,,,,
BA,Control,,166,0.0495,0.1318,,,,,,,
BA,Control,,167,0.0762,0.1867,,,,,,,
BA,Control,,168,0.0546,0.154,,,,,,,
BA,Control,,177,0.0438,0.2361,,,,,,,
BA,Control,,178,,,DEAD,,,,,,
BA,Control,,179,0.0643,0.2421,,,,,,,
BA,Control,,180,0.0535,0.1651,,,,,,,
BA,Control,,189,0.0454,0.0514,,,,,,,
BA,Control,,190,0.0207,0.0182,,,,,,,
BA,Control,,191,0.0135,0.0128,,,,,,,
BA,Control,,192,0.0783,0.1851,,,,,,,
BA,Control,,205,0.0572,0.1805,,,,,,,
BA,Control,,206,0.0743,0.1439,,,,,,,
BA,Control,,207,0.0687,0.0996,,,,,,,
BA,Control,,208,0.0531,0.0945,,,,,,,
BA,Control,,217,0.1196,0.1243,,,,,,,
BA,Control,,218,0.0295,0.014,,,,,,,
BA,Control,,219,0.0613,0.4055,,,,,,,
BA,Control,,220,0.0640,0.3579,,,,,,,
BA,Control,,225,0.0565,0.1903,,,,,,,
BA,Control,,226,0.0616,0.1775,,,,,,,
BA,Control,,227,0.0846,0.3094,,,,,,,
BA,Control,,228,0.0764,0.3556,,,,,,,
BA,Control,,237,0.0474,0.1865,,,,,,,
BA,Control,,238,0.0648,0.886,,,,,,,
BA,Control,,239,0.0582,0.5201,,,,,,,
BA,Control,,240,0.0458,0.0305,,,,,,,
BA,Control,,249,0.0554,0.2365,,,,,,,
BA,Control,,250,0.0608,0.1161,,,,,,,
BA,Control,,251,0.0483,0.1555,,,,,,,
BA,Control,,252,0.0530,0.2711,,,,,,,
BA,Control,,261,0.1171,0.2118,,,,,,,
BA,Control,,262,,,DEAD,,,,,,
BA,Control,,263,0.0493,0.0764,,,,,,,
BA,Control,,264,0.0135,0.0334,,,,,,,
BA,Control,,273,0.0641,0.1677,,,,,,,
BA,Control,,274,0.0659,0.2046,,,,,,,
BA,Control,,275,0.0925,0.3652,,,,,,,
BA,Control,,276,0.0119,0.0095,,,,,,,
BA,Control,,285,0.0718,0.0969,,,,,,,
BA,Control,,286,0.0449,0.1998,,,,,,,
BA,Control,,287,0.0635,0.0675,,,,,,,
BA,Control,,288,0.0989,0.1789,,,,,,,
BA,Control,,297,0.0592,0.105,,,,,,,
BA,Control,,298,0.0546,0.1026,,,,,,,
BA,Control,,299,0.0601,0.1128,,,,,,,
BA,Control,,300,0.0855,0.1235,,,,,,,
BA,S1,,309,0.0482,0.0178,,,,,,,
BA,S1,,310,0.0985,0.0472,,,,,,,
BA,S1,,311,0.0469,0.0379,,,,,,,
BA,S1,,312,0.0210,0.0193,,,,,,,
BA,S1,,321,0.1054,0.0524,,,,,,,
BA,S1,,322,0.0667,0.045,,,,,,,
BA,S1,,323,0.1596,0.0519,,,,,,,
BA,S1,,324,0.1348,0.0698,,,,,,,
BA,S1,,333,0.4250,0.2783,,,,,,,
BA,S1,,334,0.0745,0.032,,,,,,,
BA,S1,,335,0.0747,0.0578,,,,,,,
BA,S1,,336,0.1432,0.1453,,,,,,,
BA,S1,,345,0.3451,0.2641,,,,,,,
BA,S1,,346,0.1476,0.2022,,,,,,,
BA,S1,,347,0.0708,0.056,,,,,,,
BA,S1,,348,0.0898,0.0497,,,,,,,
BA,S1,,357,0.0810,0.0539,,,,,,,
BA,S1,,358,0.0363,0.0332,,,,,,,
BA,S1,,359,0.1018,0.0846,,,,,,,
BA,S1,,360,0.1502,0.1331,,,,,,,
BA,S1,,369,0.2108,0.1159,,,,,,,
BA,S1,,370,0.1890,0.0863,,,,,,,
BA,S1,,371,0.0938,0.0484,,,,,,,
BA,S1,,372,0.0862,0.0414,,,,,,,
BA,S1,,381,0.1073,0.0528,,,,,,,
BA,S1,,382,0.1177,0.0606,,,,,,,
BA,S1,,383,0.0763,1.0547,,,,,,,
BA,S1,,384,0.0351,0.0233,,,,,,,
BA,S1,,393,0.286,0.2893,,,,,,,
BA,S1,,394,0.2325,0.2376,,,,,,,
BA,S1,,395,0.2349,0.0991,,,,,,,
BA,S1,,396,0.0145,0.0042,,,,,,,
BA,S1,,405,0.1284,0.1146,,,,,,,
BA,S1,,406,0.0892,0.0407,,,,,,,
BA,S1,,407,0.1165,0.0864,,,,,,,
BA,S1,,408,0.0938,0.1451,,,,,,,
BA,S1,,417,0.1643,0.2144,,,,,,,
BA,S1,,418,0.0749,0.0473,,,,,,,
BA,S1,,419,0.0301,0.0218,,,,,,,
BA,S1,,420,0.0526,0.0356,,,,,,,
BA,S1,,429,0.1059,0.0491,,,,,,,
BA,S1,,430,0.1019,0.0827,,,,,,,
BA,S1,,431,0.0715,0.07,,,,,,,
BA,S1,,432,0.2179,0.0793,,,,,,,
BA,S1,,441,0.0520,0.575,,,,,,,
BA,S1,,442,0.1640,0.1144,,,,,,,
BA,S1,,443,0.1054,0.0863,,,,,,,
BA,S1,,444,0.2461,0.1415,,,,,,,
BA,S1,,453,0.0670,0.0637,,,,,,,
BA,S1,,454,0.0542,0.0491,,,,,,,
BA,S1,,455,0.0929,0.0716,,,,,,,
BA,S1,,456,0.0744,0.0547,,,,,,,
BA,S1,,465,0.1263,0.0684,,,,,,,
BA,S1,,466,0.0242,0.0301,,,,,,,
BA,S1,,467,0.0322,0.0438,,,,,,,
BA,S1,,468,0.0976,0.0488,,,,,,,
BA,S1,,477,0.0551,0.0529,,,,,,,
BA,S1,,478,0.1698,0.1254,,,,,,,
BA,S1,,479,0.0862,0.0482,,,,,,,
BA,S1,,480,0.0367,0.031,,,,,,,
BA,S1,,489,0.0635,0.0492,,,,,,,
BA,S1,,490,0.1565,0.1528,,,,,,,
BA,S1,,491,0.1695,0.1127,,,,,,,
BA,S1,,492,0.0552,0.0488,,,,,,,
BA,S1,,505,0.1284,0.043,,,,,,,
BA,S1,,506,0.0125,0.0278,,,,,,,
BA,S1,,507,0.0315,0.0045,,,,,,,
BA,S1,,508,0.0881,0.0571,,,,,,,
BA,S1,,517,0.0896,0.0316,,,,,,,
BA,S1,,518,0.0439,0.0168,,,,,,,
BA,S1,,519,0.1208,0.0757,,,,,,,
BA,S1,,520,0.1417,0.1111,,,,,,,
BA,S1,,525,0.0859,0.0469,,,,,,,
BA,S1,,526,0.1623,0.0796,,,,,,,
BA,S1,,527,0.1364,0.0918,,,,,,,
BA,S1,,528,0.1416,0.0935,,,,,,,
BA,S1,,537,0.1258,0.1055,,,,,,,
BA,S1,,538,0.0163,0.0104,,,,,,,
BA,S1,,539,0.0861,0.1072,,,,,,,
BA,S1,,540,0.0053,0.0043,,,,,,,
BA,S1,,549,0.0617,0.051,,,,,,,
BA,S1,,550,0.1918,0.1354,,,,,,,
BA,S1,,551,0.0564,0.03,,,,,,,
BA,S1,,552,0.0105,0.0052,,,,,,,
BA,S1,,561,0.1356,0.1483,,,,,,,
BA,S1,,562,0.0900,0.0764,,,,,,,
BA,S1,,563,0.0880,0.0859,,,,,,,
BA,S1,,564,0.1691,0.1033,,,,,,,
BA,S1,,573,0.2156,0.2704,,,,,,,
BA,S1,,574,0.0768,0.0531,,,,,,,
BA,S1,,575,0.1088,0.0323,,,,,,,
BA,S1,,576,0.1119,0.0679,,,,,,,
BA,S1,,581,0.0736,0.0472,,,,,,,
BA,S1,,582,0.0765,0.0559,,,,,,,
BA,S1,,583,0.2287,0.1767,,,,,,,
BA,S1,,584,0.0636,0.0262,,,,,,,
BA,S1,,593,0.2852,0.3645,,,,,,,
BA,S1,,594,0.1544,0.128,,,,,,,
BA,S1,,595,,,DEAD,,,,,,
BA,S1,,596,0.1499,0.0896,,,,,,,
BA,S3,,909,0.0796,0.0266,,,,,,,
BA,S3,,910,0.0805,0.0672,,,,,,,
BA,S3,,911,0.0308,0.0098,,,,,,,
BA,S3,,912,0.1149,0.0586,,,,,,,
BA,S3,,921,0.0734,0.021,,,,,,,
BA,S3,,922,0.0492,0.03,,,,,,,
BA,S3,,923,0.0926,0.0344,,,,,,,
BA,S3,,924,0.0558,0.0347,,,,,,,
BA,S3,,933,0.0278,0.0104,,,,,,,
BA,S3,,934,0.0973,0.1386,,,,,,,
BA,S3,,935,0.1099,0.0676,,,,,,,
BA,S3,,936,0.0656,0.0337,,,,,,,
BA,S3,,945,0.0692,0.059,,,,,,,
BA,S3,,946,0.0868,0.1418,,,,,,,
BA,S3,,947,0.2240,0.1195,,,,,,,
BA,S3,,948,0.1341,0.1025,,,,,,,
BA,S3,,957,0.1400,0.096,,,,,,,
BA,S3,,958,0.0890,0.0233,,,,,,,
BA,S3,,959,0.0412,0.222,,,,,,,
BA,S3,,960,0.0245,0.0135,,,,,,,
BA,S3,,969,0.1042,0.0923,,,,,,,
BA,S3,,970,0.0709,0.0662,,,,,,,
BA,S3,,971,0.0857,0.0393,,,,,,,
BA,S3,,972,0.1131,0.0589,,,,,,,
BA,S3,,985,0.0534,0.0194,,,,,,,
BA,S3,,986,0.1235,0.0658,,,,,,,
BA,S3,,987,0.0601,0.0456,,,,,,,
BA,S3,,988,0.0501,0.0187,,,,,,,
BA,S3,,997,0.1271,0.1122,,,,,,,
BA,S3,,998,0.1746,0.0713,,,,,,,
BA,S3,,999,0.1139,0.0579,,,,,,,
BA,S3,,1000,0.0190,0.0123,,,,,,,
BA,S3,,1001,0.1081,0.0864,,,,,,,
BA,S3,,1002,0.1415,0.085,,,,,,,
BA,S3,,1003,0.0501,0.0381,,,,,,,
BA,S3,,1004,,,DEAD,,,,,,
BA,S3,,1013,0.0918,0.0517,,,,,,,
BA,S3,,1014,0.0286,0.0083,,,,,,,
BA,S3,,1015,,,DEAD,,,,,,
BA,S3,,1016,0.1038,0.077,,,,,,,
BA,S3,,1029,0.0358,0.013,,,,,,,
BA,S3,,1030,0.0635,0.0295,,,,,,,
BA,S3,,1031,0.0960,0.0587,,,,,,,
BA,S3,,1032,0.0901,0.0515,,,,,,,
BA,S3,,1041,0.0190,0.0022,,,,,,,
BA,S3,,1042,0.0725,0.0783,,,,,,,
BA,S3,,1043,0.0614,0.0414,,,,,,,
BA,S3,,1044,0.0684,0.0744,,,,,,,
BA,S3,,1053,0.0096,0.0066,,,,,,,
BA,S3,,1054,0.0672,0.0354,,,,,,,
BA,S3,,1055,0.0873,0.333,,,,,,,
BA,S3,,1056,0.0821,0.0373,,,,,,,
BA,S3,,1065,0.0645,0.0378,,,,,,,
BA,S3,,1066,0.1162,0.1245,,,,,,,
BA,S3,,1067,0.1133,0.0391,,,,,,,
BA,S3,,1068,0.0542,0.04,,,,,,,
BA,S3,,1077,0.0981,0.0542,,,,,,,
BA,S3,,1078,0.0690,0.0338,,,,,,,
BA,S3,,1079,0.0537,0.0307,,,,,,,
BA,S3,,1080,0.0521,0.023,,,,,,,
BA,S3,,1089,0.0706,0.0278,,,,,,,
BA,S3,,1090,0.0277,0.0065,,,,,,,
BA,S3,,1091,0.1527,0.0824,,,,,,,
BA,S3,,1092,0.0950,0.0794,,,,,,,
BA,S3,,1101,0.0387,0.0274,,,,,,,
BA,S3,,1102,0.0707,0.0649,,,,,,,
BA,S3,,1103,0.1127,0.0923,,,,,,,
BA,S3,,1104,0.0940,0.0997,,,,,,,
BA,S3,,1113,0.0978,0.0261,,,,,,,
BA,S3,,1114,0.0636,0.0248,,,,,,,
BA,S3,,1115,0.0518,0.0725,,,,,,,
BA,S3,,1116,0.0912,0.0689,,,,,,,
BA,S3,,1125,0.1213,0.1608,,,,,,,
BA,S3,,1126,0.0534,0.0108,,,,,,,
BA,S3,,1127,0.0882,0.0532,,,,,,,
BA,S3,,1128,,0.0277,MISSING?,,,,,,
BA,S3,,1137,0.1126,0.0711,,,,,,,
BA,S3,,1138,0.1833,0.123,,,,,,,
BA,S3,,1139,0.0907,0.0429,,,,,,,
BA,S3,,1140,0.1030,0.0569,,,,,,,
BA,S3,,1149,0.1733,0.1298,,,,,,,
BA,S3,,1150,0.0547,0.0391,,,,,,,
BA,S3,,1151,0.0746,0.0426,,,,,,,
BA,S3,,1152,0.0239,0.0103,,,,,,,
BA,S3,,1161,0.0851,0.0544,,,,,,,
BA,S3,,1162,0.1182,0.0725,,,,,,,
BA,S3,,1163,0.0220,0.0282,,,,,,,
BA,S3,,1164,0.0138,0.0128,,,,,,,
BA,S3,,1173,0.0428,0.0306,,,,,,,
BA,S3,,1174,0.0266,0.0128,,,,,,,
BA,S3,,1175,0.0868,0.0525,,,,,,,
BA,S3,,1176,0.0435,0.0218,,,,,,,
BA,S3,,1185,0.0315,0.0189,,,,,,,
BA,S3,,1186,0.1001,0.0446,,,,,,,
BA,S3,,1187,0.1078,0.0987,,,,,,,
BA,S3,,1188,0.0845,0.0655,,,,,,,
BA,S3,,1197,0.0707,0.0436,,,,,,,
BA,S3,,1198,0.0851,0.0525,,,,,,,
BA,S3,,1199,0.0552,0.0267,,,,,,,
BA,S3,,1200,0.0715,0.0529,,,,,,,
CN ,Control,,1,0.0202,0.0336,,,,,,,
CN ,Control,,2,0.0314,0.0677,,,,,,,
CN ,Control,,3,0.0426,0.0895,,,,,,,
CN ,Control,,4,0.0329,0.0739,,,,,,,
CN ,Control,,13,0.0218,0.0734,,,,,,,
CN ,Control,,14,0.0300,0.0787,,,,,,,
CN ,Control,,15,0.0219,0.0565,,,,,,,
CN ,Control,,16,0.0195,0.0651,,,,,,,
CN ,Control,,29,0.0234,0.0873,,,,,,,
CN ,Control,,30,0.0283,0.0725,,,,,,,
CN ,Control,,31,0.0321,0.148,,,,,,,
CN ,Control,,32,0.0232,0.0441,,,,,,,
CN ,Control,,41,0.0405,0.0791,,,,,,,
CN ,Control,,42,0.0315,0.0911,,,,,,,
CN ,Control,,43,0.0258,0.0796,,,,,,,
CN ,Control,,44,0.0167,0.0657,,,,,,,
CN ,Control,,53,0.0196,0.0384,,,,,,,
CN ,Control,,54,0.0259,0.0836,,,,,,,
CN ,Control,,55,0.0224,0.0538,,,,,,,
CN ,Control,,56,0.0186,0.041,,,,,,,
CN ,Control,,65,0.0282,0.0843,,,,,,,
CN ,Control,,66,0.0405,0.1401,,,,,,,
CN ,Control,,67,0.0256,0.0682,,,,,,,
CN ,Control,,68,0.0272,0.0988,,,,,,,
CN ,Control,,77,0.0163,0.0412,,,,,,,
CN ,Control,,78,0.0236,0.0852,,,,,,,
CN ,Control,,79,0.0195,0.054,,,,,,,
CN ,Control,,80,0.0311,0.1089,,,,,,,
CN ,Control,,89,0.0353,0.0932,,,,,,,
CN ,Control,,90,0.0271,0.0535,,,,,,,
CN ,Control,,91,0.0260,0.0515,,,,,,,
CN ,Control,,92,0.0271,0.0842,,,,,,,
CN ,Control,,101,0.0247,0.037,,,,,,,
CN ,Control,,102,0.0298,0.0635,,,,,,,
CN ,Control,,103,0.0260,0.0747,,,,,,,
CN ,Control,,104,0.0326,0.07,,,,,,,
CN ,Control,,113,0.0398,0.0694,,,,,,,
CN ,Control,,114,0.0189,0.0513,,,,,,,
CN ,Control,,115,0.0218,0.0567,,,,,,,
CN ,Control,,116,0.0260,0.1067,,,,,,,
CN ,Control,,125,0.0409,0.0756,,,,,,,
CN ,Control,,126,0.0460,0.16,,,,,,,
CN ,Control,,127,0.0248,0.0969,,,,,,,
CN ,Control,,128,0.0302,0.0774,,,,,,,
CN ,Control,,137,0.0339,0.1004,,,,,,,
CN ,Control,,138,0.0211,0.0272,,,,,,,
CN ,Control,,139,0.0320,0.0431,,,,,,,
CN ,Control,,140,0.0350,0.0628,,,,,,,
CN ,Control,,149,0.0375,0.0555,,,,,,,
CN ,Control,,150,0.0308,0.0653,,,,,,,
CN ,Control,,151,0.0488,0.0497,,,,,,,
CN ,Control,,152,0.0260,0.0767,,,,,,,
CN ,Control,,161,0.0226,0.0209,,,,,,,
CN ,Control,,162,0.0299,0.0329,,,,,,,
CN ,Control,,163,0.0354,0.1017,,,,,,,
CN ,Control,,164,0.0341,0.0713,,,,,,,
CN ,Control,,173,0.0276,0.0305,,,,,,,
CN ,Control,,174,0.0373,0.0849,,,,,,,
CN ,Control,,175,0.0289,0.0437,,,,,,,
CN ,Control,,176,0.0316,0.0327,,,,,,,
CN ,Control,,181,0.0345,0.0867,,,,,,,
CN ,Control,,182,0.0233,0.0799,,,,,,,
CN ,Control,,183,0.0256,0.0536,,,,,,,
CN ,Control,,184,0.0338,0.0435,,,,,,,
CN ,Control,,193,0.0163,0.0473,,,,,,,
CN ,Control,,194,0.0185,0.0209,,,,,,,
CN ,Control,,195,0.0153,0.0396,,,,,,,
CN ,Control,,196,0.0380,0.0982,,,,,,,
CN ,Control,,209,0.0386,0.0562,,,,,,,
CN ,Control,,210,0.0140,0.0367,,,,,,,
CN ,Control,,211,0.0391,0.1682,,,,,,,
CN ,Control,,212,0.0368,0.0343,,,,,,,
CN ,Control,,221,0.0143,0.025,,,,,,,
CN ,Control,,222,0.0219,0.0521,,,,,,,
CN ,Control,,223,0.0306,0.0748,,,,,,,
CN ,Control,,224,0.0237,0.024,,,,,,,
CN ,Control,,233,0.0155,0.0427,,,,,,,
CN ,Control,,234,0.0221,0.0963,,,,,,,
CN ,Control,,235,0.0348,0.0992,,,,,,,
CN ,Control,,236,0.0401,0.137,,,,,,,
CN ,Control,,245,0.0162,0.0262,,,,,,,
CN ,Control,,246,0.0264,0.0693,,,,,,,
CN ,Control,,247,0.0438,0.0533,,,,,,,
CN ,Control,,248,0.0283,0.1072,,,,,,,
CN ,Control,,257,0.0330,0.0858,,,,,,,
CN ,Control,,258,0.0241,0.0499,,,,,,,
CN ,Control,,259,0.0255,0.0663,,,,,,,
CN ,Control,,260,0.0328,0.0884,,,,,,,
CN ,Control,,269,0.0330,0.0632,,,,,,,
CN ,Control,,270,0.0350,0.1251,,,,,,,
CN ,Control,,271,0.0191,0.037,,,,,,,
CN ,Control,,272,0.0246,0.043,,,,,,,
CN ,Control,,281,0.0268,0.0772,,,,,,,
CN ,Control,,282,0.0296,0.0801,,,,,,,
CN ,Control,,283,0.0323,0.1108,,,,,,,
CN ,Control,,284,0.0213,0.055,,,,,,,
CN ,Control,,293,0.0337,0.1025,,,,,,,
CN ,Control,,294,0.0272,0.0451,,,,,,,
CN ,Control,,295,0.0309,0.0774,,,,,,,
CN ,Control,,296,0.0432,0.0523,,,,,,,
CN ,S1,,305,0.0335,0.0325,,,,,,,
CN ,S1,,306,0.0756,0.0618,,,,,,,
CN ,S1,,307,0.0427,0.0429,,,,,,,
CN ,S1,,308,0.0739,0.0659,,,,,,,
CN ,S1,,317,0.0730,0.0976,,,,,,,
CN ,S1,,318,0.0824,0.0754,,,,,,,
CN ,S1,,319,0.0644,0.1123,,,,,,,
CN ,S1,,320,0.0749,0.0548,,,,,,,
CN ,S1,,329,0.1006,0.106,,,,,,,
CN ,S1,,330,0.0553,0.0512,,,,,,,
CN ,S1,,331,0.1748,0.2622,,,,,,,
CN ,S1,,332,0.1533,0.1192,,,,,,,
CN ,S1,,341,0.0451,0.034,,,,,,,
CN ,S1,,342,0.1226,0.0803,,,,,,,
CN ,S1,,343,0.1235,0.1019,,,,,,,
CN ,S1,,344,0.0565,0.0452,,,,,,,
CN ,S1,,353,0.0657,0.0667,,,,,,,
CN ,S1,,354,0.0742,0.0747,,,,,,,
CN ,S1,,355,0.0676,0.0595,,,,,,,
CN ,S1,,356,0.0880,0.0811,,,,,,,
CN ,S1,,365,0.0845,0.0872,,,,,,,
CN ,S1,,366,0.0614,0.0355,,,,,,,
CN ,S1,,367,0.0853,0.0534,,,,,,,
CN ,S1,,368,0.1060,0.2045,,,,,,,
CN ,S1,,377,0.0983,0.1411,,,,,,,
CN ,S1,,378,0.0558,0.0785,,,,,,,
CN ,S1,,379,0.0634,0.0849,,,,,,,
CN ,S1,,380,0.1040,0.1508,,,,,,,
CN ,S1,,389,0.0598,0.0726,,,,,,,
CN ,S1,,390,0.0535,0.0923,,,,,,,
CN ,S1,,391,0.0463,0.0643,,,,,,,
CN ,S1,,392,0.0904,0.1732,,,,,,,
CN ,S1,,401,0.0689,0.1213,,,,,,,
CN ,S1,,402,0.0958,0.1211,,,,,,,
CN ,S1,,403,0.0799,0.1507,,,,,,,
CN ,S1,,404,0.0653,0.0618,,,,,,,
CN ,S1,,413,0.1301,0.1616,,,,,,,
CN ,S1,,414,0.0651,0.1208,,,,,,,
CN ,S1,,415,0.0602,0.0664,,,,,,,
CN ,S1,,416,0.0886,0.1865,,,,,,,
CN ,S1,,425,0.1953,0.1382,,,,,,,
CN ,S1,,426,0.0470,0.0371,,,,,,,
CN ,S1,,427,0.0750,0.0773,,,,,,,
CN ,S1,,428,0.0505,0.025,,,,,,,
CN ,S1,,437,0.0551,0.0818,,,,,,,
CN ,S1,,438,0.0967,0.1004,,,,,,,
CN ,S1,,439,0.0702,,,,,,,,
CN ,S1,,440,0.0775,0.08701,,,,,,,
CN ,S1,,449,0.0313,0.0259,,,,,,,
CN ,S1,,450,0.0369,0.0337,,,,,,,
CN ,S1,,451,0.0367,0.0441,,,,,,,
CN ,S1,,452,0.0763,0.0623,,,,,,,
CN ,S1,,461,0.1244,0.22,,,,,,,
CN ,S1,,462,0.1007,0.1255,,,,,,,
CN ,S1,,463,0.0914,0.1249,,,,,,,
CN ,S1,,464,0.1315,0.1422,,,,,,,
CN ,S1,,473,0.0835,0.0826,,,,,,,
CN ,S1,,474,0.2705,0.1815,,,,,,,
CN ,S1,,475,0.0650,0.057,,,,,,,
CN ,S1,,476,0.0443,0.0363,,,,,,,
CN ,S1,,485,0.0305,0.039,,,,,,,
CN ,S1,,486,0.0712,0.0453,,,,,,,
CN ,S1,,487,0.0378,0.0328,,,,,,,
CN ,S1,,488,0.0893,0.06,,,,,,,
CN ,S1,,497,0.0347,0.0441,,,,,,,
CN ,S1,,498,0.0961,0.0838,,,,,,,
CN ,S1,,499,0.0528,0.0753,,,,,,,
CN ,S1,,500,0.0537,0.0704,,,,,,,
CN ,S1,,509,0.0681,0.0717,,,,,,,
CN ,S1,,510,0.0899,0.0965,,,,,,,
CN ,S1,,511,0.0685,0.075,,,,,,,
CN ,S1,,512,0.0886,0.0744,,,,,,,
CN ,S1,,521,0.0316,0.0241,,,,,,,
CN ,S1,,522,0.0874,0.0868,,,,,,,
CN ,S1,,523,0.0835,0.0808,,,,,,,
CN ,S1,,524,0.0634,0.0944,,,,,,,
CN ,S1,,533,0.0755,0.0514,,,,,,,
CN ,S1,,534,0.0626,0.0463,,,,,,,
CN ,S1,,535,0.0804,0.0587,,,,,,,
CN ,S1,,536,0.0278,0.0193,,,,,,,
CN ,S1,,545,0.2118,0.1667,,,,,,,
CN ,S1,,546,0.2101,0.1625,,,,,,,
CN ,S1,,547,0.0663,0.0638,,,,,,,
CN ,S1,,548,0.0890,0.0922,,,,,,,
CN ,S1,,557,0.0983,0.0884,,,,,,,
CN ,S1,,558,0.1768,0.1088,,,,,,,
CN ,S1,,559,0.3712,0.1858,,,,,,,
CN ,S1,,560,0.0839,0.0867,,,,,,,
CN ,S1,,569,0.0745,0.0689,,,,,,,
CN ,S1,,570,0.0480,0.0293,,,,,,,
CN ,S1,,571,0.1405,0.0655,,,,,,,
CN ,S1,,572,0.0544,0.0508,,,,,,,
CN ,S1,,585,0.1114,0.0995,,,,,,,
CN ,S1,,586,0.0872,0.0753,,,,,,,
CN ,S1,,587,0.0708,0.0636,,,,,,,
CN ,S1,,588,0.0599,0.0439,,,,,,,
CN ,S1,,597,0.1039,0.1079,,,,,,,
CN ,S1,,598,0.2052,0.2046,,,,,,,
CN ,S1,,599,0.0455,0.0185,,,,,,,
CN ,S1,,600,0.0452,0.0367,,,,,,,
CN ,S3,,905,0.0548,0.0473,,,,,,,
CN ,S3,,906,0.1245,0.1533,,,,,,,
CN ,S3,,907,0.0567,0.0283,,,,,,,
CN ,S3,,908,0.1335,0.1152,,,,,,,
CN ,S3,,917,0.0522,0.0229,,,,,,,
CN ,S3,,918,0.0988,0.1148,,,,,,,
CN ,S3,,919,0.0622,0.0593,,,,,,,
CN ,S3,,920,0.0571,0.049,,,,,,,
CN ,S3,,929,0.0824,0.1296,,,,,,,
CN ,S3,,930,0.0475,0.0377,,,,,,,
CN ,S3,,931,0.0363,0.0293,,,,,,,
CN ,S3,,932,0.0723,0.0723,,,,,,,
CN ,S3,,941,0.0631,0.0924,,,,,,,
CN ,S3,,942,0.1525,0.2323,,,,,,,
CN ,S3,,943,0.0679,0.0614,,,,,,,
CN ,S3,,944,0.0759,0.0789,,,,,,,
CN ,S3,,953,0.0680,0.1362,,,,,,,
CN ,S3,,954,0.1123,0.0726,,,,,,,
CN ,S3,,955,0.2147,0.2526,,,,,,,
CN ,S3,,956,0.0918,0.045,,,,,,,
CN ,S3,,965,0.0744,0.0923,,,,,,,
CN ,S3,,966,0.0235,0.0219,,,,,,,
CN ,S3,,967,0.1063,0.3668,,,,,,,
CN ,S3,,968,0.0756,0.1419,,,,,,,
CN ,S3,,977,0.1518,0.2116,,,,,,,
CN ,S3,,978,0.0770,0.0405,,,,,,,
CN ,S3,,979,0.0467,0.0451,,,,,,,
CN ,S3,,980,0.0596,0.0947,,,,,,,
CN ,S3,,989,0.0947,0.1431,,,,,,,
CN ,S3,,990,0.1362,0.0932,,,,,,,
CN ,S3,,991,0.1980,0.1841,,,,,,,
CN ,S3,,992,0.0463,0.0329,,,,,,,
CN ,S3,,1005,0.0390,0.0296,,,,,,,
CN ,S3,,1006,0.0503,0.033,,,,,,,
CN ,S3,,1007,0.1038,0.0601,,,,,,,
CN ,S3,,1008,0.1128,0.0846,,,,,,,
CN ,S3,,1017,0.1248,0.1935,,,,,,,
CN ,S3,,1018,0.1216,0.1142,,,,,,,
CN ,S3,,1019,0.0389,0.0293,,,,,,,
CN ,S3,,1020,0.2095,0.1402,,,,,,,
CN ,S3,,1025,0.0618,0.0486,,,,,,,
CN ,S3,,1026,0.0350,0.0278,,,,,,,
CN ,S3,,1027,0.0524,0.0303,,,,,,,
CN ,S3,,1028,0.0860,0.2288,,,,,,,
CN ,S3,,1037,0.1514,0.1904,,,,,,,
CN ,S3,,1038,0.0909,0.0744,,,,,,,
CN ,S3,,1039,0.1144,0.1435,,,,,,,
CN ,S3,,1040,0.0779,0.0993,,,,,,,
CN ,S3,,1049,0.0740,0.0536,,,,,,,
CN ,S3,,1050,0.0594,0.025,,,,,,,
CN ,S3,,1051,0.0597,0.0475,,,,,,,
CN ,S3,,1052,0.0964,0.084,,,,,,,
CN ,S3,,1061,0.0518,0.0339,,,,,,,
CN ,S3,,1062,0.0646,0.0841,,,,,,,
CN ,S3,,1063,0.0817,0.049,,,,,,,
CN ,S3,,1064,0.0589,0.0488,,,,,,,
CN ,S3,,1073,0.2035,0.0939,,,,,,,
CN ,S3,,1074,0.2305,0.1626,,,,,,,
CN ,S3,,1075,0.0429,0.0284,,,,,,,
CN ,S3,,1076,0.0243,0.012,,,,,,,
CN ,S3,,1085,0.0735,0.0473,,,,,,,
CN ,S3,,1086,0.1075,0.1141,,,,,,,
CN ,S3,,1087,0.0565,0.0513,,,,,,,
CN ,S3,,1088,0.0752,0.0671,,,,,,,
CN ,S3,,1097,0.0529,0.0433,,,,,,,
CN ,S3,,1098,0.0583,0.0428,,,,,,,
CN ,S3,,1099,0.0137,0.0092,,,,,,,
CN ,S3,,1100,0.0611,0.0765,,,,,,,
CN ,S3,,1109,0.0574,0.1126,,,,,,,
CN ,S3,,1110,0.0544,0.0649,,,,,,,
CN ,S3,,1111,0.0457,0.0608,,,,,,,
CN ,S3,,1112,0.1073,0.0936,,,,,,,
CN ,S3,,1121,0.0821,0.0806,,,,,,,
CN ,S3,,1122,0.0559,0.0239,,,,,,,
CN ,S3,,1123,0.1119,0.0986,,,,,,,
CN ,S3,,1124,0.0395,0.0396,,,,,,,
CN ,S3,,1133,0.0538,0.0883,,,,,,,
CN ,S3,,1134,0.0266,0.0241,,,,,,,
CN ,S3,,1135,0.0769,0.0975,,,,,,,
CN ,S3,,1136,0.0995,0.115,,,,,,,
CN ,S3,,1141,0.0413,0.0382,,,,,,,
CN ,S3,,1142,0.0795,0.0721,,,,,,,
CN ,S3,,1143,0.0592,0.1538,,,,,,,
CN ,S3,,1144,0.0386,0.0369,,,,,,,
CN ,S3,,1153,0.2341,0.1881,,,,,,,
CN ,S3,,1154,0.1773,0.1258,,,,,,,
CN ,S3,,1155,0.1018,0.1606,,,,,,,
CN ,S3,,1156,0.0405,0.0285,,,,,,,
CN ,S3,,1169,0.1475,0.193,,,,,,,
CN ,S3,,1170,0.0857,0.0778,,,,,,,
CN ,S3,,1171,0.0768,0.1345,,,,,,,
CN ,S3,,1172,0.0383,0.0316,,,,,,,
CN ,S3,,1181,0.0425,0.0344,,,,,,,
CN ,S3,,1182,0.0607,0.0564,,,,,,,
CN ,S3,,1183,0.0517,0.0389,,,,,,,
CN ,S3,,1184,0.0604,0.0598,,,,,,,
CN ,S3,,1193,0.0828,0.0892,,,,,,,
CN ,S3,,1194,0.0577,0.501,,,,,,,
CN ,S3,,1195,0.0861,0.0848,,,,,,,
CN ,S3,,1196,0.0749,0.2045,,,,,,,
LH,Control,,5,0.0123,0.0142,,,,,,,
LH,Control,,6,0.0190,0.0292,,,,,,,
LH,Control,,7,0.0194,0.0275,,,,,,,
LH,Control,,8,0.0153,0.02,,,,,,,
LH,Control,,17,0.0208,0.0138,,,,,,,
LH,Control,,18,0.0228,0.0452,,,,,,,
LH,Control,,19,0.0184,0.0289,,,,,,,
LH,Control,,20,0.0131,0.0167,,,,,,,
LH,Control,,25,0.0168,0.41,,,,,,,
LH,Control,,26,0.0230,0.0357,,,,,,,
LH,Control,,27,0.0166,0.0182,,,,,,,
LH,Control,,28,0.0199,0.0305,,,,,,,
LH,Control,,37,0.0172,0.0223,,,,,,,
LH,Control,,38,0.0206,0.0361,,,,,,,
LH,Control,,39,0.0135,0.0264,,,,,,,
LH,Control,,40,0.0207,0.0469,,,,,,,
LH,Control,,49,0.0194,0.0333,,,,,,,
LH,Control,,50,0.0226,0.0403,,,,,,,
LH,Control,,51,0.0213,0.0363,,,,,,,
LH,Control,,52,0.0168,0.0192,,,,,,,
LH,Control,,61,0.0246,0.0266,,,,,,,
LH,Control,,62,0.0217,0.0252,,,,,,,
LH,Control,,63,0.0316,0.0378,,,,,,,
LH,Control,,64,0.0252,0.0206,,,,,,,
LH,Control,,73,0.0229,0.0472,,,,,,,
LH,Control,,74,0.0179,0.0296,,,,,,,
LH,Control,,75,0.0317,0.0306,,,,,,,
LH,Control,,76,0.0284,0.0592,,,,,,,
LH,Control,,81,0.0436,0.0402,,,,,,,
LH,Control,,82,0.0257,0.0325,,,,,,,
LH,Control,,83,0.0198,0.0265,,,,,,,
LH,Control,,84,0.0132,0.024,,,,,,,
LH,Control,,93,0.0176,0.0189,,,,,,,
LH,Control,,94,0.0334,0.0347,,,,,,,
LH,Control,,95,0.0118,0.014,,,,,,,
LH,Control,,96,0.0114,0.0019,,,,,,,
LH,Control,,109,0.0732,0.1075,,,,,,,
LH,Control,,110,0.0409,0.0126,,,,,,,
LH,Control,,111,0.0190,0.0237,,,,,,,
LH,Control,,112,0.0301,0.0141,,,,,,,
LH,Control,,121,0.0231,0.0294,,,,,,,
LH,Control,,122,0.0265,0.0307,,,,,,,
LH,Control,,123,0.0226,0.0221,,,,,,,
LH,Control,,124,0.2927,0.1873,,,,,,,
LH,Control,,133,0.0313,0.0198,,,,,,,
LH,Control,,134,0.0328,0.0407,,,,,,,
LH,Control,,135,0.0295,0.038,,,,,,,
LH,Control,,136,0.0301,0.0282,,,,,,,
LH,Control,,145,0.0299,0.0364,,,,,,,
LH,Control,,146,0.0368,0.0369,,,,,,,
LH,Control,,147,0.0373,0.0265,,,,,,,
LH,Control,,148,0.0291,0.0215,,,,,,,
LH,Control,,157,0.0212,0.017,,,,,,,
LH,Control,,158,0.0166,0.0086,,,,,,,
LH,Control,,159,0.0267,0.0242,,,,,,,
LH,Control,,160,0.0215,0.0135,,,,,,,
LH,Control,,169,0.0524,0.0232,,,,,,,
LH,Control,,170,0.0237,0.0288,,,,,,,
LH,Control,,171,0.0320,0.0329,,,,,,,
LH,Control,,172,0.0325,0.0343,,,,,,,
LH,Control,,185,0.0265,0.0326,,,,,,,
LH,Control,,186,0.0203,0.0258,,,,,,,
LH,Control,,187,0.0166,0.0149,,,,,,,
LH,Control,,188,0.0201,0.0177,,,,,,,
LH,Control,,197,0.0135,0.0071,,,,,,,
LH,Control,,198,0.0125,0.0073,,,,,,,
LH,Control,,199,0.0217,0.0175,,,,,,,
LH,Control,,200,0.0160,0.0148,,,,,,,
LH,Control,,201,0.0136,0.0098,,,,,,,
LH,Control,,202,0.0298,0.0168,,,,,,,
LH,Control,,203,0.0193,0.0283,,,,,,,
LH,Control,,204,0.0580,0.0494,,,,,,,
LH,Control,,213,0.0291,0.0411,,,,,,,
LH,Control,,214,0.0216,0.0185,,,,,,,
LH,Control,,215,0.0272,0.0196,,,,,,,
LH,Control,,216,0.0287,0.0232,,,,,,,
LH,Control,,229,0.0288,0.0188,,,,,,,
LH,Control,,230,0.0258,0.0335,,,,,,,
LH,Control,,231,0.0264,0.024,,,,,,,
LH,Control,,232,0.0214,0.023,,,,,,,
LH,Control,,241,0.0148,0.0145,,,,,,,
LH,Control,,242,0.0593,0.0555,,,,,,,
LH,Control,,243,0.0161,0.0131,,,,,,,
LH,Control,,244,0.0187,0.0101,,,,,,,
LH,Control,,253,0.0288,0.0209,,,,,,,
LH,Control,,254,0.0208,0.025,,,,,,,
LH,Control,,255,0.0338,0.0218,,,,,,,
LH,Control,,256,0.1601,0.0968,,,,,,,
LH,Control,,265,0.0219,0.0212,,,,,,,
LH,Control,,266,0.0344,0.0243,,,,,,,
LH,Control,,267,0.0397,0.0297,,,,,,,
LH,Control,,268,0.0260,0.0195,,,,,,,
LH,Control,,277,0.0215,0.0244,,,,,,,
LH,Control,,278,0.0579,0.0692,,,,,,,
LH,Control,,279,0.1136,0.0665,,,,,,,
LH,Control,,280,0.0222,0.0246,,,,,,,
LH,Control,,289,0.0253,0.0225,,,,,,,
LH,Control,,290,0.0161,0.0048,,,,,,,
LH,Control,,291,0.0176,0.0127,,,,,,,
LH,Control,,292,0.0520,0.0101,,,,,,,
LH,S1,,301,0.0487,0.0441,,,,,,,
LH,S1,,302,0.0668,0.0816,,,,,,,
LH,S1,,303,0.0437,0.039,,,,,,,
LH,S1,,304,0.0309,0.0394,,,,,,,
LH,S1,,313,0.0384,0.0471,,,,,,,
LH,S1,,314,0.0464,0.0738,,,,,,,
LH,S1,,315,0.0221,0.0136,,,,,,,
LH,S1,,316,0.0235,0.0244,,,,,,,
LH,S1,,325,0.2512,0.193,,,,,,,
LH,S1,,326,0.2682,0.1243,,,,,,,
LH,S1,,327,0.0646,0.0877,,,,,,,
LH,S1,,328,0.1530,0.1561,,,,,,,
LH,S1,,337,0.0197,0.0433,,,,,,,
LH,S1,,338,0.0268,0.0435,,,,,,,
LH,S1,,339,0.1098,0.0807,,,,,,,
LH,S1,,340,0.0250,0.024,,,,,,,
LH,S1,,349,0.1175,0.0801,,,,,,,
LH,S1,,350,0.2736,0.1477,,,,,,,
LH,S1,,351,0.1217,0.114,,,,,,,
LH,S1,,352,0.2198,0.1355,,,,,,,
LH,S1,,361,0.1460,0.1384,,,,,,,
LH,S1,,362,0.0988,0.0758,,,,,,,
LH,S1,,363,0.0265,0.0435,,,,,,,
LH,S1,,364,0.0202,0.0361,,,,,,,
LH,S1,,373,0.0816,0.1041,,,,,,,
LH,S1,,374,0.0383,0.0505,,,,,,,
LH,S1,,375,0.0261,0.0283,,,,,,,
LH,S1,,376,0.0343,0.0534,,,,,,,
LH,S1,,385,0.0277,0.0655,,,,,,,
LH,S1,,386,0.2402,0.1521,,,,,,,
LH,S1,,387,0.2107,0.1279,,,,,,,
LH,S1,,388,0.1356,0.1058,,,,,,,
LH,S1,,397,0.1604,0.0935,,,,,,,
LH,S1,,398,0.0180,0.0301,,,,,,,
LH,S1,,399,0.1210,0.1031,,,,,,,
LH,S1,,400,0.0729,0.1029,,,,,,,
LH,S1,,409,0.0830,0.1169,,,,,,,
LH,S1,,410,0.0386,0.0308,,,,,,,
LH,S1,,411,0.0363,0.0612,,,,,,,
LH,S1,,412,0.0192,0.0444,,,,,,,
LH,S1,,421,0.1566,0.1334,,,,,,,
LH,S1,,422,0.0965,0.097,,,,,,,
LH,S1,,423,0.1076,0.0652,,,,,,,
LH,S1,,424,0.2890,0.1855,,,,,,,
LH,S1,,433,0.0720,0.1144,,,,,,,
LH,S1,,434,0.0264,0.0126,,,,,,,
LH,S1,,435,0.0575,0.0604,,,,,,,
LH,S1,,436,0.0775,0.0807,,,,,,,
LH,S1,,445,0.0482,0.0878,,,,,,,
LH,S1,,446,0.0754,0.0594,,,,,,,
LH,S1,,447,0.0666,0.0603,,,,,,,
LH,S1,,448,0.1258,0.0686,,,,,,,
LH,S1,,457,0.0461,0.0368,,,,,,,
LH,S1,,458,0.0114,0.0168,,,,,,,
LH,S1,,459,0.0278,0.0557,,,,,,,
LH,S1,,460,0.0517,0.0696,,,,,,,
LH,S1,,469,0.0186,0.0366,,,,,,,
LH,S1,,470,0.0563,0.0579,,,,,,,
LH,S1,,471,0.0580,0.0843,,,,,,,
LH,S1,,472,0.0561,0.0539,,,,,,,
LH,S1,,481,0.2895,0.1919,,,,,,,
LH,S1,,482,0.0804,0.1088,,,,,,,
LH,S1,,483,0.3113,0.2178,,,,,,,
LH,S1,,484,0.0270,0.0412,,,,,,,
LH,S1,,493,0.1130,0.1008,,,,,,,
LH,S1,,494,0.0467,0.0767,,,,,,,
LH,S1,,495,0.0675,0.0935,,,,,,,
LH,S1,,496,0.0757,0.1083,,,,,,,
LH,S1,,501,0.1080,0.0864,,,,,,,
LH,S1,,502,0.1057,0.1464,,,,,,,
LH,S1,,503,0.0554,0.0818,,,,,,,
LH,S1,,504,0.0507,0.0559,,,,,,,
LH,S1,,513,0.0718,0.0583,,,,,,,
LH,S1,,514,0.0544,0.0576,,,,,,,
LH,S1,,515,0.1054,0.0308,,,,,,,
LH,S1,,516,0.0606,0.0315,,,,,,,
LH,S1,,529,0.0754,0.0884,,,,,,,
LH,S1,,530,0.0660,0.0601,,,,,,,
LH,S1,,531,0.1607,0.0872,,,,,,,
LH,S1,,532,0.0588,0.0648,,,,,,,
LH,S1,,541,0.0507,0.0744,,,,,,,
LH,S1,,542,0.0228,0.0243,,,,,,,
LH,S1,,543,0.0449,0.0521,,,,,,,
LH,S1,,544,0.0926,0.0265,,,,,,,
LH,S1,,553,0.0648,0.0686,,,,,,,
LH,S1,,554,0.1101,0.0772,,,,,,,
LH,S1,,555,0.1601,0.0962,,,,,,,
LH,S1,,556,0.0668,0.0571,,,,,,,
LH,S1,,565,0.0699,0.1319,,,,,,,
LH,S1,,566,0.0489,0.0858,,,,,,,
LH,S1,,567,0.0690,0.1257,,,,,,,
LH,S1,,568,0.0718,0.0981,,,,,,,
LH,S1,,577,0.1019,0.1054,,,,,,,
LH,S1,,578,0.0998,0.0815,,,,,,,
LH,S1,,579,0.1047,0.0932,,,,,,,
LH,S1,,580,0.0940,0.0716,,,,,,,
LH,S1,,589,0.1203,0.129,,,,,,,
LH,S1,,590,0.1833,0.1304,,,,,,,
LH,S1,,591,0.0257,0.0374,,,,,,,
LH,S1,,592,0.0450,0.084,,,,,,,
LH,S3,,901,0.0422,0.0564,,,,,,,
LH,S3,,902,0.0348,0.0221,,,,,,,
LH,S3,,903,0.0512,0.0249,,,,,,,
LH,S3,,904,0.0662,0.0295,,,,,,,
LH,S3,,913,0.2594,0.2316,,,,,,,
LH,S3,,914,0.1176,0.1253,,,,,,,
LH,S3,,915,0.1784,0.1151,,,,,,,
LH,S3,,916,0.0628,0.0345,,,,,,,
LH,S3,,925,0.0532,0.0199,,,,,,,
LH,S3,,926,0.0348,0.0385,,,,,,,
LH,S3,,927,0.0400,0.0708,,,,,,,
LH,S3,,928,0.0257,0.0198,,,,,,,
LH,S3,,937,0.1749,0.149,,,,,,,
LH,S3,,938,0.1763,0.0915,,,,,,,
LH,S3,,939,0.0598,0.0674,,,,,,,
LH,S3,,940,0.0372,0.057,,,,,,,
LH,S3,,949,0.0715,0.0487,,,,,,,
LH,S3,,950,0.1905,0.1172,,,,,,,
LH,S3,,951,0.0710,0.0572,,,,,,,
LH,S3,,952,0.0976,0.1378,,,,,,,
LH,S3,,961,0.0256,0.017,,,,,,,
LH,S3,,962,,,DEAD,,,,,,
LH,S3,,963,0.0283,0.0453,,,,,,,
LH,S3,,964,0.0411,0.0387,,,,,,,
LH,S3,,973,0.1000,0.1093,,,,,,,
LH,S3,,974,0.0965,0.1118,,,,,,,
LH,S3,,975,0.0414,0.0415,,,,,,,
LH,S3,,976,0.1229,0.1556,,,,,,,
LH,S3,,981,0.0423,0.0577,,,,,,,
LH,S3,,982,0.0401,0.0649,,,,,,,
LH,S3,,983,0.0428,0.0635,,,,,,,
LH,S3,,984,0.0327,0.0583,,,,,,,
LH,S3,,993,0.0804,0.1043,,,,,,,
LH,S3,,994,0.0396,0.0569,,,,,,,
LH,S3,,995,0.0156,0.0371,,,,,,,
LH,S3,,996,0.0570,0.0304,,,,,,,
LH,S3,,1009,0.0692,0.0775,,,,,,,
LH,S3,,1010,0.0648,0.089,,,,,,,
LH,S3,,1011,0.0163,0.0065,,,,,,,
LH,S3,,1012,0.0811,0.0995,,,,,,,
LH,S3,,1021,0.0413,0.0809,,,,,,,
LH,S3,,1022,0.0924,0.0644,,,,,,,
LH,S3,,1023,0.2254,0.2425,,,,,,,
LH,S3,,1024,0.0174,0.0305,,,,,,,
LH,S3,,1033,0.0343,0.0247,,,,,,,
LH,S3,,1034,0.0242,0.026,,,,,,,
LH,S3,,1035,0.0322,0.0405,,,,,,,
LH,S3,,1036,0.0212,0.024,,,,,,,
LH,S3,,1045,0.0224,0.0327,,,,,,,
LH,S3,,1046,0.0230,0.0457,,,,,,,
LH,S3,,1047,0.1174,0.079,,,,,,,
LH,S3,,1048,0.0233,0.0353,,,,,,,
LH,S3,,1057,0.0388,0.0259,,,,,,,
LH,S3,,1058,0.0176,0.0193,,,,,,,
LH,S3,,1059,0.0692,0.0473,,,,,,,
LH,S3,,1060,0.0192,0.0244,,,,,,,
LH,S3,,1069,0.0545,0.0398,,,,,,,
LH,S3,,1070,0.0143,0.0235,,,,,,,
LH,S3,,1071,0.0377,0.0377,,,,,,,
LH,S3,,1072,0.0834,0.0251,,,,,,,
LH,S3,,1081,0.0325,0.028,,,,,,,
LH,S3,,1082,0.0777,0.0629,,,,,,,
LH,S3,,1083,0.4407,0.2787,,,,,,,
LH,S3,,1084,0.4568,0.3292,,,,,,,
LH,S3,,1093,0.0847,0.1048,,,,,,,
LH,S3,,1094,0.0237,0.033,,,,,,,
LH,S3,,1095,0.0312,0.0405,,,,,,,
LH,S3,,1096,0.0769,0.0599,,,,,,,
LH,S3,,1105,0.0259,0.038,,,,,,,
LH,S3,,1106,0.0368,0.043,,,,,,,
LH,S3,,1107,0.0291,0.0388,,,,,,,
LH,S3,,1108,0.0905,0.1043,,,,,,,
LH,S3,,1117,0.0302,0.0358,,,,,,,
LH,S3,,1118,0.0135,0.0138,,,,,,,
LH,S3,,1119,0.0310,0.032,,,,,,,
LH,S3,,1120,0.0691,0.0329,,,,,,,
LH,S3,,1129,0.0312,0.0369,,,,,,,
LH,S3,,1130,0.0447,0.0614,,,,,,,
LH,S3,,1131,0.0611,0.092,,,,,,,
LH,S3,,1132,0.0813,0.0327,,,,,,,
LH,S3,,1145,0.1104,0.0905,,,,,,,
LH,S3,,1146,0.1726,0.1522,,,,,,,
LH,S3,,1147,0.3272,0.216,,,,,,,
LH,S3,,1148,0.0382,0.056,,,,,,,
LH,S3,,1157,0.1263,0.1004,,,,,,,
LH,S3,,1158,0.0998,0.0648,,,,,,,
LH,S3,,1159,0.0022,0.003,,,,,,,
LH,S3,,1160,0.0518,0.0809,,,,,,,
LH,S3,,1165,0.0477,0.0925,,,,,,,
LH,S3,,1166,0.0625,0.0742,,,,,,,
LH,S3,,1167,0.0144,0.0094,,,,,,,
LH,S3,,1168,0.0197,0.0342,,,,,,,
LH,S3,,1177,0.0331,0.032,,,,,,,
LH,S3,,1178,0.0465,0.0197,,,,,,,
LH,S3,,1179,0.0477,0.0811,,,,,,,
LH,S3,,1180,0.0332,0.0401,,,,,,,
LH,S3,,1189,0.0368,0.0255,,,,,,,
LH,S3,,1190,0.2960,0.2547,,,,,,,
LH,S3,,1191,0.0460,0.0182,,,,,,,
LH,S3,,1192,0.1971,0.1164,,,,,,,
