Individual,PercN,PercC
1,1.55,27.80
3,1.52,30.59
4,2.10,31.87
9,1.46,35.81
12,1.57,21.96
14,2.29,35.14
15,2.07,29.37
18,1.40,30.17
19,1.00,23.14
22,1.21,40.76
26,0.89,23.91
31,1.73,18.40
34,1.13,38.97
38,1.09,31.05
46,2.18,36.84
47,1.12,40.13
49,0.84,24.34
51,0.07,2.00
58,1.11,39.97
59,0.82,25.28
63,0.93,28.97
66,1.82,29.36
68,1.38,18.98
74,1.63,20.47
76,0.73,33.80
79,1.54,22.14
80,1.34,26.10
81,1.26,37.51
82,0.61,31.58
85,0.94,41.63
87,0.65,32.40
89,0.85,20.96
94,0.83,39.04
98,0.94,30.86
100,0.55,27.59
107,1.26,33.10
108,0.93,40.49
109,2.02,45.51
110,2.27,40.48
111,1.11,25.77
118,1.26,40.21
119,1.04,39.71
122,0.70,33.49
123,0.91,31.26
124,1.86,47.00
125,3.50,37.31
129,0.83,40.52
132,1.28,41.75
134,0.35,30.68
135,0.88,32.91
136,0.97,24.63
139,1.13,26.52
144,0.87,37.49
146,0.62,40.19
151,1.42,36.99
153,1.04,37.15
155,0.82,37.26
156,1.15,42.32
159,0.95,27.87
165,0.89,40.34
166,0.92,39.94
168,0.89,36.96
169,2.04,44.27
172,0.61,37.88
177,1.23,22.16
179,1.13,42.34
180,0.89,35.94
187,1.06,26.88
192,1.02,39.18
201,0.52,21.37
203,0.75,27.38
207,2.50,45.11
208,0.90,35.11
212,1.63,25.26
213,0.70,34.64
216,0.88,36.06
217,2.38,42.94
218,2.49,35.65
226,0.89,39.95
227,1.09,41.28
231,0.53,35.16
232,0.33,25.87
238,0.91,40.45
243,0.77,24.76
247,3.25,38.90
249,1.02,41.03
250,1.43,40.46
252,0.95,41.15
258,2.03,28.37
261,2.43,44.28
263,0.91,39.38
265,0.73,25.38
266,0.76,36.00
268,0.76,35.03
269,1.60,26.92
274,1.07,41.17
275,1.01,39.83
277,0.23,28.36
278,1.65,44.34
283,0.84,33.22
284,1.90,23.39
285,1.23,39.90
295,2.09,33.46
296,3.20,37.68
297,1.10,35.90
299,1.82,39.99
300,1.45,41.60
301,1.75,36.74
303,1.55,41.75
307,3.84,41.54
308,4.27,43.83
309,2.50,30.93
310,2.62,42.07
313,1.64,41.42
317,3.05,44.27
319,3.38,43.63
322,2.81,38.14
325,2.07,45.07
328,1.66,44.68
329,4.15,46.06
331,3.56,47.39
332,3.69,46.42
333,2.83,43.47
336,3.00,42.64
339,1.51,43.12
342,3.60,44.33
344,2.72,36.10
345,3.02,44.17
346,2.19,41.46
348,2.77,41.67
349,1.73,42.76
350,1.73,45.36
355,3.48,37.29
357,3.10,42.64
359,2.81,42.13
361,1.43,46.39
367,3.21,39.86
369,2.44,42.85
371,1.97,41.18
373,1.41,42.12
377,3.13,43.47
379,3.36,42.19
381,2.45,43.38
383,2.59,46.17
386,2.16,45.10
388,1.96,46.53
389,3.28,27.92
391,2.81,20.39
393,2.77,44.83
395,3.11,43.44
397,1.75,46.64
400,1.86,45.17
401,2.63,38.43
403,3.11,42.15
404,3.34,24.79
405,2.29,51.04
407,2.09,42.36
409,1.78,43.53
411,1.45,48.62
415,3.19,36.34
417,1.76,42.27
419,1.99,17.04
421,1.92,45.82
424,1.63,46.14
425,3.33,46.18
427,2.90,37.75
428,3.32,39.35
429,2.46,41.19
430,2.60,42.61
432,2.53,42.41
433,1.55,40.39
435,1.65,44.27
439,3.05,39.79
441,2.12,30.12
444,2.72,44.22
445,1.24,41.82
447,1.41,41.05
450,1.08,16.35
452,3.41,40.49
453,1.34,41.61
455,2.61,42.20
462,2.80,41.80
464,4.09,45.16
465,2.10,38.30
468,2.47,40.54
470,1.92,41.78
472,1.57,36.80
473,2.87,40.22
474,3.69,47.07
476,3.19,39.86
478,2.99,42.94
479,2.86,43.34
482,1.94,42.96
483,2.11,47.48
486,3.12,42.78
488,3.17,44.60
490,1.89,41.10
491,2.46,43.38
494,1.64,37.05
496,1.47,43.96
498,3.69,43.33
499,3.37,37.28
501,1.42,45.90
503,1.45,39.07
505,2.04,42.41
510,3.79,42.07
511,3.74,43.19
513,1.51,48.78
514,1.61,46.16
517,2.34,42.16
518,2.13,41.75
519,2.29,41.38
520,2.72,41.20
522,3.33,37.87
524,3.14,39.82
527,2.54,43.68
528,2.85,45.42
529,1.57,45.11
530,1.63,42.36
535,3.47,43.33
541,1.38,41.71
543,1.69,26.58
545,3.29,45.45
547,3.43,42.90
549,2.54,42.14
550,3.07,43.41
551,3.18,41.46
553,1.76,42.44
555,1.96,46.45
557,3.31,47.13
559,3.29,46.25
561,2.45,43.62
564,2.21,42.72
566,1.30,38.83
569,2.81,42.70
572,1.97,28.91
573,2.31,34.73
574,2.32,37.03
575,2.10,44.37
576,2.18,41.85
577,1.84,45.13
579,2.02,48.62
581,1.94,39.35
582,1.53,46.21
583,3.44,46.54
584,2.37,40.16
587,2.91,38.77
589,1.90,46.16
590,2.12,35.58
592,1.69,35.96
593,3.52,44.66
594,2.52,44.10
597,2.94,44.40
598,2.95,44.05
600,3.42,30.53
601,0.89,33.83
609,1.60,39.20
630,1.60,31.99
631,2.02,28.64
658,3.07,29.84
680,1.58,26.36
714,2.26,24.11
716,1.54,34.76
761,2.02,33.46
811,4.04,39.10
835,3.17,28.05
836,2.61,25.41
850,2.07,42.19
851,1.01,39.06
894,2.55,21.60
901,1.71,35.80
906,3.16,44.38
907,3.06,40.54
909,3.25,44.02
913,1.79,45.62
914,1.56,44.19
916,1.69,44.73
917,2.73,42.61
920,2.81,42.96
927,1.66,42.57
929,3.00,44.47
930,3.15,32.26
932,2.86,43.25
934,1.86,42.67
937,1.84,46.66
942,3.08,45.07
944,2.51,42.72
945,2.18,40.99
946,3.04,43.25
950,1.65,45.35
951,1.50,42.39
954,3.19,44.24
956,3.34,45.61
957,2.17,42.76
959,1.45,37.77
967,2.66,44.83
970,2.24,37.83
971,2.12,42.23
973,1.69,45.66
974,1.40,41.13
976,1.70,45.42
978,2.45,39.71
982,0.98,27.08
984,1.24,36.62
985,2.54,41.75
987,2.06,40.43
989,3.36,44.95
990,2.93,46.71
994,1.32,39.65
998,2.41,44.44
999,2.17,41.62
1001,2.98,42.86
1002,2.15,41.81
1005,2.86,38.12
1007,2.79,43.88
1009,1.66,42.66
1012,1.58,44.07
1017,2.81,41.73
1018,2.45,43.26
1020,3.02,46.58
1022,1.76,44.13
1023,1.93,44.94
1028,3.33,43.34
1029,1.72,37.63
1030,2.51,40.30
1032,2.24,41.47
1038,2.38,42.03
1040,2.27,42.69
1042,2.41,40.64
1043,2.17,40.89
1047,2.14,45.46
1051,3.06,40.21
1052,2.73,42.35
1054,3.15,41.81
1055,2.38,41.72
1062,3.19,40.23
1064,3.06,33.80
1066,2.31,39.55
1067,3.09,39.96
1075,2.59,36.55
1077,2.59,42.03
1079,1.95,38.35
1083,2.26,46.60
1084,1.77,46.25
1085,2.11,31.69
1087,2.51,37.79
1089,2.84,40.09
1091,2.88,42.59
1093,1.30,43.05
1096,1.74,39.48
1098,2.92,37.61
1100,3.27,41.50
1101,3.31,30.89
1102,2.25,40.01
1103,2.69,38.90
1104,2.86,42.84
1106,1.28,42.75
1108,1.95,45.16
1110,3.16,39.84
1112,3.17,42.59
1122,2.89,41.71
1125,2.60,42.55
1127,3.04,43.17
1131,1.88,43.21
1136,2.80,41.34
1137,2.07,42.56
1138,2.26,40.75
1139,2.56,43.39
1142,3.17,44.26
1145,1.83,44.30
1146,1.82,44.93
1147,2.29,46.49
1149,2.82,42.73
1150,2.33,39.68
1151,2.68,36.71
1152,2.99,23.61
1153,3.05,45.31
1158,1.79,42.58
1160,1.83,34.12
1161,2.31,42.23
1162,2.79,42.69
1165,1.87,42.11
1167,3.97,103.40
1170,3.54,44.77
1172,3.26,40.86
1173,3.15,38.24
1175,2.86,42.36
1176,3.09,35.29
1181,3.27,30.70
1186,2.43,36.68
1188,1.96,39.92
1191,2.12,32.51
1192,1.82,46.29
1193,3.32,40.99
1195,3.18,45.01
1197,2.17,37.85
